customer_id,age,annual_income,tenure_months,days_since_last_purchase,transactions,total_spend,premium_amount,claims_count,complaints_count,renewals_count,policies_count,channel,region,product_type,clv,recency,frequency,monetary,average_order_value,claim_rate,complaint_rate,renewal_ratio,premium_efficiency,monetary_per_tenure,engagement_score,tenure_band,engagement_style
RID-000833,42.0,74503.81,47.0,102.7,10,1355.89,1163.48,2,0,4,7,online,east,plus,3558.51,102.7,10,1355.89,135.589,0.2857142857142857,0.0,0.5714285714285714,1.1653745659573005,28.84872340425532,0.16423223363895434,mature,digital
RID-000837,43.0,51260.08,22.3,63.5,7,1537.9,855.49,0,1,4,5,branch,east,plus,4117.03,63.5,7,1537.9,219.70000000000002,0.0,0.14285714285714285,0.8,1.797683199102269,68.96412556053812,0.44804989773346976,growing,in_person
RID-001104,46.0,87935.33,39.1,50.5,13,928.4,500.21,0,0,3,6,online,west,premium,4587.77,50.5,13,928.4,71.41538461538461,0.0,0.0,0.5,1.8560204714020112,23.744245524296673,2.3986030133037564,mature,digital
RID-000860,55.0,70919.74,27.6,54.9,10,2499.45,1479.17,1,0,4,5,online,south,premium,5067.94,54.9,10,2499.45,249.945,0.2,0.0,0.8,1.6897652061629156,90.55978260869564,2.7409557509316795,growing,digital
RID-000568,44.0,45803.51,52.4,16.6,12,1173.16,692.63,2,0,4,6,branch,south,plus,4314.95,16.6,12,1173.16,97.76333333333334,0.3333333333333333,0.0,0.6666666666666666,1.6937758976654202,22.388549618320614,3.868999492938812,mature,in_person
RID-000176,59.0,91676.15,19.0,20.7,6,518.4,285.16,2,0,1,4,branch,south,plus,3834.16,20.7,6,518.4,86.39999999999999,0.5,0.0,0.25,1.8179267779492212,27.28421052631579,-0.7736188493557843,growing,in_person
RID-001462,54.0,117040.44,37.4,24.4,4,631.86,487.69,0,1,3,6,branch,south,plus,4027.92,24.4,4,631.86,157.965,0.0,0.25,0.5,1.2956181180668047,16.894652406417112,-1.883243418301595,mature,in_person
RID-000678,47.0,93009.88,25.4,32.5,9,1189.12,948.92,1,0,2,5,agent,south,basic,4283.72,32.5,9,1189.12,132.12444444444444,0.2,0.0,0.4,1.2531298739619778,46.815748031496064,0.8434872840369666,growing,assisted
RID-001395,50.0,84080.45,61.5,19.1,8,1043.5,757.06,0,1,5,8,agent,south,premium,3924.14,19.1,8,1043.5,130.4375,0.0,0.125,0.625,1.378358386389454,16.96747967479675,1.256163797906721,mature,assisted
RID-000335,30.0,71742.61,18.5,124.7,5,1030.18,699.88,1,0,2,4,agent,south,premium,2873.55,124.7,5,1030.18,206.036,0.25,0.0,0.5,1.4719380465222611,55.68540540540541,-2.7479997376461407,growing,assisted
RID-000760,46.0,54299.76,35.0,44.2,14,3459.08,2289.14,1,1,2,3,agent,west,enterprise,6063.95,44.2,14,3459.08,247.07714285714286,0.3333333333333333,0.07142857142857142,0.6666666666666666,1.5110827647063962,98.83085714285714,3.400252487872255,growing,assisted
RID-000638,36.0,64301.07,47.0,60.7,7,1004.15,674.88,1,1,4,6,agent,west,basic,3965.36,60.7,7,1004.15,143.45,0.16666666666666666,0.14285714285714285,0.6666666666666666,1.4878941441441442,21.364893617021277,-0.188981807558157,mature,assisted
RID-000894,33.0,103370.83,48.3,36.8,9,1130.85,763.9,2,0,4,6,agent,west,premium,4872.48,36.8,9,1130.85,125.64999999999999,0.3333333333333333,0.0,0.6666666666666666,1.4803639219793165,23.413043478260867,2.1542440390113495,mature,assisted
RID-001206,36.0,81905.74,23.5,60.1,7,1800.11,1266.67,0,0,2,3,branch,south,plus,4764.91,60.1,7,1800.11,257.1585714285714,0.0,0.0,0.6666666666666666,1.4211357338533317,76.6004255319149,0.7335215159985886,growing,in_person
RID-000199,43.0,37976.39,29.6,12.6,8,1887.2,1224.63,0,0,3,6,agent,south,plus,3980.15,12.6,8,1887.2,235.9,0.0,0.0,0.5,1.5410368846100453,63.75675675675676,1.5606929082389653,growing,assisted
RID-000016,52.0,79237.91,45.7,19.8,6,1132.42,1003.45,0,1,4,7,online,south,plus,4201.71,19.8,6,1132.42,188.73666666666668,0.0,0.16666666666666666,0.5714285714285714,1.1285265832876576,24.779431072210066,-0.07848712085001086,mature,digital
RID-000266,36.0,75810.37,43.2,54.4,6,997.24,763.41,2,0,4,7,branch,east,plus,3925.12,54.4,6,997.24,166.20666666666668,0.2857142857142857,0.0,0.5714285714285714,1.3062967474882436,23.08425925925926,0.001401328165994753,mature,in_person
RID-000558,48.0,119266.79,39.4,86.1,7,1513.81,1322.06,0,2,2,4,branch,east,plus,4466.63,86.1,7,1513.81,216.25857142857143,0.0,0.2857142857142857,0.5,1.1450388030800418,38.42157360406091,-2.7065606444748243,mature,in_person
RID-001034,51.0,44992.97,44.0,58.6,6,952.66,553.43,1,0,4,6,online,south,premium,3292.88,58.6,6,952.66,158.77666666666667,0.16666666666666666,0.0,0.6666666666666666,1.7213739768353722,21.651363636363637,0.394327545833264,mature,digital
RID-000817,29.0,96428.65,37.5,3.4,6,1854.16,949.4,0,1,3,4,agent,west,plus,5150.8,3.4,6,1854.16,309.0266666666667,0.0,0.16666666666666666,0.75,1.9529808299978935,49.44426666666667,1.3434271796566617,mature,assisted
RID-001508,35.0,41928.71,46.0,46.1,9,1756.45,1486.71,1,1,3,5,agent,west,plus,4624.53,46.1,9,1756.45,195.16111111111113,0.2,0.1111111111111111,0.6,1.1814341734433749,38.18369565217392,0.8293831211698486,mature,assisted
RID-000742,44.0,117703.41,27.4,68.1,12,2606.86,2219.07,2,1,2,4,agent,east,basic,6516.2,68.1,12,2606.86,217.23833333333334,0.5,0.08333333333333333,0.5,1.1747533876804246,95.14087591240877,0.9920511756787616,growing,assisted
RID-001393,28.0,35158.33,75.6,34.4,6,740.56,395.66,0,0,6,7,online,south,plus,3244.19,34.4,6,740.56,123.42666666666666,0.0,0.0,0.8571428571428571,1.8717080321488144,9.795767195767196,2.1003361558992415,loyal,digital
RID-000479,34.0,82794.66,62.1,46.3,6,949.64,580.45,0,1,4,6,branch,south,basic,4235.53,46.3,6,949.64,158.27333333333334,0.0,0.16666666666666666,0.6666666666666666,1.6360410026703418,15.292109500805152,-0.3149928877382959,mature,in_person
RID-001006,51.0,62521.22,60.9,47.9,10,2489.5,1307.89,1,0,5,8,agent,east,basic,5665.25,47.9,10,2489.5,248.95,0.125,0.0,0.625,1.903447537636957,40.87848932676519,1.9987019224291205,mature,assisted
RID-000417,36.0,71295.84,71.5,46.0,6,1054.38,577.12,0,0,4,6,branch,north,plus,4352.8,46.0,6,1054.38,175.73000000000002,0.0,0.0,0.6666666666666666,1.8269683947879125,14.746573426573429,0.7499707299319182,mature,in_person
RID-000200,49.0,71327.51,57.2,73.1,2,388.57,286.31,2,1,5,7,online,west,basic,3202.82,73.1,2,388.57,194.285,0.2857142857142857,0.5,0.7142857142857143,1.3571653103279662,6.793181818181818,-4.454824945808728,mature,digital
RID-000728,48.0,74613.05,36.3,61.7,8,1363.29,879.43,1,1,3,5,online,east,basic,4055.35,61.7,8,1363.29,170.41125,0.2,0.125,0.6,1.5501972868790013,37.55619834710744,-0.08051078288740032,mature,digital
RID-000994,52.0,82038.01,33.7,26.4,4,649.81,372.57,1,0,5,8,partner,east,premium,3643.72,26.4,4,649.81,162.4525,0.125,0.0,0.625,1.744128620125077,19.282195845697327,0.3163587205826628,growing,assisted
RID-001723,41.0,99032.48,40.9,20.7,11,1357.39,719.43,1,1,2,5,agent,north,plus,5544.35,20.7,11,1357.39,123.39909090909092,0.2,0.09090909090909091,0.4,1.886757571966696,33.1880195599022,1.363344334084573,mature,assisted
RID-001152,34.0,81345.96,21.2,58.6,10,1210.1,733.76,1,0,1,2,agent,south,plus,3822.87,58.6,10,1210.1,121.00999999999999,0.5,0.0,0.5,1.649176842564326,57.08018867924528,1.0253779187091283,growing,assisted
RID-001493,33.0,63613.83,24.0,64.5,8,1156.32,683.99,0,0,3,6,online,south,premium,3916.16,64.5,8,1156.32,144.54,0.0,0.0,0.5,1.690551031447828,48.18,0.09578169754689003,growing,digital
RID-001450,30.0,72164.41,47.9,69.1,7,1535.26,1351.27,0,0,5,6,online,west,plus,4917.83,69.1,7,1535.26,219.32285714285715,0.0,0.0,0.8333333333333334,1.1361607968799723,32.05135699373695,1.3745700751891061,mature,digital
RID-001173,40.0,68995.52,27.7,11.6,10,2036.21,1021.81,1,0,3,5,branch,south,plus,4725.65,11.6,10,2036.21,203.621,0.2,0.0,0.6,1.9927481625742556,73.50938628158845,2.889031089681333,growing,in_person
RID-001118,41.0,77697.42,43.1,80.9,5,1318.44,1109.68,0,1,4,6,agent,east,premium,3989.89,80.9,5,1318.44,263.688,0.0,0.2,0.6666666666666666,1.1881263066830077,30.590255220417635,-1.8844319905579412,mature,assisted
RID-001569,34.0,78444.06,36.7,85.8,8,1565.17,1046.47,0,0,3,6,online,west,premium,4717.65,85.8,8,1565.17,195.64625,0.0,0.0,0.5,1.4956663831739085,42.64768392370572,-0.5054246374770253,mature,digital
RID-000600,29.0,88971.02,22.0,40.9,4,1005.33,872.39,1,1,4,5,branch,west,enterprise,4116.29,40.9,4,1005.33,251.3325,0.2,0.25,0.8,1.1523859741629319,45.69681818181818,-0.7378237066181559,growing,in_person
RID-001386,43.0,71024.99,53.3,61.8,6,1036.56,735.86,0,0,4,5,branch,north,premium,4725.31,61.8,6,1036.56,172.76,0.0,0.0,0.8,1.4086375125703259,19.44765478424015,1.0200689913122352,mature,in_person
RID-000931,48.0,57210.87,52.7,109.2,5,517.99,272.05,0,1,4,7,online,south,enterprise,2267.35,109.2,5,517.99,103.598,0.0,0.2,0.5714285714285714,1.9040249954052564,9.829032258064515,-3.194691818003485,mature,digital
RID-000311,30.0,123933.89,35.1,66.7,5,933.33,643.28,0,3,3,5,branch,west,basic,4728.54,66.7,5,933.33,186.666,0.0,0.6,0.6,1.4508923019524935,26.59059829059829,-4.377249743944506,growing,in_person
RID-000057,38.0,83892.08,35.1,28.7,3,162.09,84.69,0,0,4,5,partner,west,premium,3956.08,28.7,3,162.09,54.03,0.0,0.0,0.8,1.913921360255048,4.6179487179487175,0.8097406574211428,growing,assisted
RID-000549,45.0,96996.28,37.3,59.3,6,178.22,115.41,1,2,3,6,online,north,plus,2862.85,59.3,6,178.22,29.703333333333333,0.16666666666666666,0.3333333333333333,0.5,1.5442336019409064,4.778016085790885,-2.6335016594355976,mature,digital
RID-000423,56.0,84667.69,30.6,156.5,7,945.0,804.67,2,0,2,3,online,south,enterprise,3370.64,156.5,7,945.0,135.0,0.6666666666666666,0.0,0.6666666666666666,1.1743944722681348,30.882352941176467,-1.9874310988514319,growing,digital
RID-000597,67.0,61995.68,41.6,67.5,8,1320.4,1011.92,1,0,4,6,online,south,plus,4105.26,67.5,8,1320.4,165.05,0.16666666666666666,0.0,0.6666666666666666,1.304846232903787,31.740384615384617,0.9061841539272419,mature,digital
RID-000044,52.0,58466.83,37.1,19.0,7,671.28,347.96,0,0,3,5,agent,north,plus,2979.16,19.0,7,671.28,95.89714285714285,0.0,0.0,0.6,1.929187262903782,18.093800539083556,1.5355639497588527,mature,assisted
RID-000101,49.0,87427.3,31.7,26.2,10,1401.79,783.64,0,0,3,4,branch,west,premium,4623.51,26.2,10,1401.79,140.179,0.0,0.0,0.75,1.7888188453881884,44.2205047318612,3.2825080709971437,growing,in_person
RID-000275,49.0,74777.58,29.5,124.2,6,1164.29,830.86,1,2,2,4,partner,west,premium,3556.4,124.2,6,1164.29,194.04833333333332,0.25,0.3333333333333333,0.5,1.4013070794116937,39.46745762711864,-4.465346314038983,growing,assisted
RID-001259,28.0,81106.0,29.7,89.5,5,734.84,427.46,2,0,2,5,agent,south,basic,3088.19,89.5,5,734.84,146.96800000000002,0.4,0.0,0.4,1.719084826650447,24.742087542087543,-2.2915045171176027,growing,assisted
RID-000354,36.0,56243.17,33.1,80.1,4,818.6,688.27,1,0,3,5,agent,south,premium,3334.5,80.1,4,818.6,204.65,0.2,0.0,0.6,1.1893588272044402,24.731117824773413,-1.3336205700126538,growing,assisted
RID-000102,51.0,102522.87,23.4,14.9,8,1759.9,1009.25,0,0,1,3,branch,south,enterprise,5269.39,14.9,8,1759.9,219.9875,0.0,0.0,0.3333333333333333,1.7437701263314342,75.20940170940172,0.6006945093409253,growing,in_person
RID-000975,44.0,72857.49,21.5,23.4,4,853.42,507.64,0,0,3,6,partner,south,premium,3756.51,23.4,4,853.42,213.355,0.0,0.0,0.5,1.681151997478528,39.69395348837209,-0.2702738845538719,growing,assisted
RID-000108,49.0,70717.79,42.9,9.9,7,1000.75,754.57,0,1,4,7,agent,east,premium,4485.6,9.9,7,1000.75,142.96428571428572,0.0,0.14285714285714285,0.5714285714285714,1.3262520375843194,23.327505827505828,0.7334072429489613,mature,assisted
RID-001731,39.0,101607.92,45.4,27.4,6,65.86,50.53,0,0,4,7,agent,south,premium,3940.82,27.4,6,65.86,10.976666666666667,0.0,0.0,0.5714285714285714,1.303384128240649,1.4506607929515418,0.7634938655202537,mature,assisted
RID-001781,43.0,87244.89,48.6,7.6,6,1154.03,1015.09,1,0,5,8,branch,north,basic,4347.86,7.6,6,1154.03,192.33833333333334,0.125,0.0,0.625,1.1368745628466441,23.745473251028805,1.610065820703047,mature,in_person
RID-000839,45.0,57694.22,29.3,28.4,4,901.89,754.51,0,0,3,4,partner,south,premium,2543.52,28.4,4,901.89,225.4725,0.0,0.0,0.75,1.1953320698201482,30.781228668941978,0.9312169752508367,growing,assisted
RID-001245,47.0,88425.83,45.3,7.9,7,1521.35,1364.35,2,0,4,5,partner,north,enterprise,5372.32,7.9,7,1521.35,217.33571428571426,0.4,0.0,0.8,1.1150731117381905,33.583885209713024,2.9229639455303724,mature,assisted
RID-000694,51.0,55390.59,21.5,64.8,6,1095.25,958.34,0,1,2,5,partner,east,basic,2919.82,64.8,6,1095.25,182.54166666666666,0.0,0.16666666666666666,0.4,1.1428616148757225,50.94186046511628,-2.269294452034053,growing,assisted
RID-000586,45.0,90970.93,18.3,38.8,8,866.73,440.89,2,0,3,5,agent,south,premium,4021.85,38.8,8,866.73,108.34125,0.4,0.0,0.6,1.965864501349543,47.36229508196721,1.3582285334951798,growing,assisted
RID-001629,49.0,99222.64,59.5,30.0,4,492.72,294.48,0,0,5,8,online,north,premium,4118.12,30.0,4,492.72,123.18,0.0,0.0,0.625,1.6731866340668295,8.281008403361344,0.21474638226876153,mature,digital
RID-000979,54.0,58160.4,41.2,6.2,7,1834.29,1541.6,0,0,3,5,online,east,plus,4857.53,6.2,7,1834.29,262.0414285714286,0.0,0.0,0.6,1.1898611831863,44.52160194174757,1.8968522637638345,mature,digital
RID-001170,28.0,90093.13,30.8,106.8,6,1034.51,740.11,0,0,3,6,online,west,premium,4047.64,106.8,6,1034.51,172.41833333333332,0.0,0.0,0.5,1.3977787085703477,33.587987012987014,-1.8612281665670158,growing,digital
RID-000129,43.0,68804.8,11.6,64.5,8,1824.12,1059.96,0,0,1,4,online,south,basic,4020.95,64.5,8,1824.12,228.015,0.0,0.0,0.25,1.7209328653911466,157.25172413793103,-1.2468374099160147,new,digital
RID-001271,36.0,71746.05,34.7,106.9,3,574.23,298.94,1,0,2,4,branch,east,plus,3131.01,106.9,3,574.23,191.41,0.25,0.0,0.5,1.9208871345420486,16.548414985590778,-3.00864806490853,growing,in_person
RID-000454,25.0,64581.51,20.8,70.6,9,1599.83,1065.97,0,1,2,4,online,east,plus,3433.2,70.6,9,1599.83,177.7588888888889,0.0,0.1111111111111111,0.5,1.5008208486167527,76.91490384615383,-0.39919293534047384,growing,digital
RID-000428,29.0,62337.96,21.4,134.4,8,1382.94,742.98,0,1,0,2,online,west,basic,3431.57,134.4,8,1382.94,172.8675,0.0,0.125,0.0,1.8613421626423323,64.62336448598131,-5.354801361748542,growing,digital
RID-001684,25.0,58170.14,30.3,98.9,9,2021.39,1626.6,1,0,2,3,online,east,basic,4429.89,98.9,9,2021.39,224.5988888888889,0.3333333333333333,0.0,0.6666666666666666,1.2427087175703924,66.71254125412541,0.4014312030965539,growing,digital
RID-001059,25.0,96584.48,26.3,65.9,5,1134.39,788.1,1,0,2,3,agent,west,plus,4153.17,65.9,5,1134.39,226.87800000000001,0.3333333333333333,0.0,0.6666666666666666,1.4393985534830607,43.13269961977186,-0.19325214021048587,growing,assisted
RID-000866,51.0,93649.38,40.6,16.3,10,1082.1,707.47,0,1,5,8,branch,south,premium,5201.6,16.3,10,1082.1,108.21,0.0,0.1,0.625,1.5295348212645057,26.652709359605907,2.256734893942486,mature,in_person
RID-001387,49.0,71170.79,49.8,27.1,6,2031.39,1265.91,1,0,4,7,partner,east,enterprise,4926.85,27.1,6,2031.39,338.565,0.14285714285714285,0.0,0.5714285714285714,1.6046875370286986,40.790963855421694,0.7719615603797452,mature,assisted
RID-000941,51.0,119229.65,41.7,71.7,10,1657.35,1026.65,0,0,4,6,online,east,basic,5288.39,71.7,10,1657.35,165.73499999999999,0.0,0.0,0.6666666666666666,1.6143281546778354,39.744604316546756,1.550701314819924,mature,digital
RID-001232,50.0,68504.51,52.6,25.3,10,2325.76,1185.66,1,1,5,8,agent,west,enterprise,5233.73,25.3,10,2325.76,232.57600000000002,0.125,0.1,0.625,1.9615741443584165,44.21596958174905,2.002704048157733,mature,assisted
RID-001121,28.0,77940.36,34.2,31.2,6,483.18,334.59,1,1,5,8,online,west,premium,4301.27,31.2,6,483.18,80.53,0.125,0.16666666666666666,0.625,1.444095758988613,14.128070175438596,-0.11255543105436105,growing,digital
RID-000610,47.0,120974.2,31.3,47.5,10,1840.13,1562.89,0,1,4,7,online,east,basic,5949.8,47.5,10,1840.13,184.013,0.0,0.1,0.5714285714285714,1.1773893236248232,58.79009584664537,1.0883905340990057,growing,digital
RID-001404,35.0,72740.51,12.2,96.1,5,1081.58,951.72,0,0,1,3,branch,west,plus,2978.66,96.1,5,1081.58,216.31599999999997,0.0,0.0,0.3333333333333333,1.1364476947001219,88.65409836065574,-2.8358255660165295,growing,in_person
RID-001382,28.0,92137.19,5.3,36.5,8,1309.11,1037.46,3,0,0,3,branch,south,basic,3386.57,36.5,8,1309.11,163.63875,1.0,0.0,0.0,1.2618414203921113,247.0018867924528,-1.799138330493021,new,in_person
RID-001058,45.0,85093.09,24.5,85.3,14,2432.44,1251.91,2,0,1,3,agent,east,plus,5105.03,85.3,14,2432.44,173.74571428571429,0.6666666666666666,0.0,0.3333333333333333,1.942983121789905,99.28326530612244,0.9028034490902253,growing,assisted
RID-000708,38.0,71105.44,59.9,68.5,10,1108.01,899.01,1,0,4,5,online,west,enterprise,4372.59,68.5,10,1108.01,110.801,0.2,0.0,0.8,1.2324779479649837,18.497662771285476,2.357086917301386,mature,digital
RID-000917,43.0,61814.25,36.5,81.9,10,3129.64,1721.65,1,2,2,5,agent,west,premium,5702.33,81.9,10,3129.64,312.964,0.2,0.2,0.4,1.8178143060436207,85.74356164383562,-1.4371224657360941,mature,assisted
RID-000995,31.0,61738.26,37.2,31.7,8,564.65,498.99,3,0,4,6,online,north,basic,3100.64,31.7,8,564.65,70.58125,0.5,0.0,0.6666666666666666,1.1315858033227117,15.178763440860214,1.9166624071599259,mature,digital
RID-000406,46.0,87972.52,19.0,11.2,7,1517.77,908.13,0,0,2,5,agent,west,premium,4794.68,11.2,7,1517.77,216.8242857142857,0.0,0.0,0.4,1.6713135784524242,79.88263157894737,0.681628730135315,growing,assisted
RID-001392,51.0,74500.28,1.0,64.1,11,2627.5,1550.89,2,0,0,2,branch,east,basic,3906.98,64.1,11,2627.5,238.86363636363637,1.0,0.0,0.0,1.6941884982171527,2627.5,-1.433568924177913,new,in_person
RID-001491,38.0,69048.88,35.5,32.6,6,705.06,469.54,1,1,3,6,partner,north,enterprise,3319.94,32.6,6,705.06,117.50999999999999,0.16666666666666666,0.16666666666666666,0.5,1.5015973080035778,19.860845070422535,-0.8233808941301083,growing,assisted
RID-001795,49.0,52450.26,31.0,28.0,5,332.99,244.04,0,0,3,6,online,west,premium,3534.78,28.0,5,332.99,66.598,0.0,0.0,0.5,1.3644894279626292,10.741612903225807,-0.018579427936628812,growing,digital
RID-000576,35.0,92156.37,15.1,96.0,7,1381.68,904.1,0,0,1,4,agent,north,plus,3503.14,96.0,7,1381.68,197.38285714285715,0.0,0.0,0.25,1.5282380267669506,91.5019867549669,-2.5174778146254333,growing,assisted
RID-000480,50.0,46592.72,31.5,10.7,3,449.69,245.71,0,1,3,6,partner,west,basic,2597.01,10.7,3,449.69,149.89666666666668,0.0,0.3333333333333333,0.5,1.8301656424239956,14.275873015873016,-2.406332425586282,growing,assisted
RID-000465,36.0,60463.74,51.5,17.7,10,1740.91,994.89,0,0,3,6,branch,west,plus,4590.8,17.7,10,1740.91,174.091,0.0,0.0,0.5,1.749851742403683,33.80407766990292,2.1798069845531725,mature,in_person
RID-000227,54.0,69105.05,22.1,18.4,1,320.3,262.79,1,0,2,4,online,west,premium,3569.89,18.4,1,320.3,320.3,0.25,0.0,0.5,1.218843943833479,14.493212669683258,-1.2737429702840264,growing,digital
RID-000232,49.0,63394.98,25.0,109.2,5,1014.88,676.66,2,1,2,4,agent,north,basic,3082.68,109.2,5,1014.88,202.976,0.5,0.2,0.5,1.4998374368220377,40.5952,-3.5782972772786006,growing,assisted
RID-000744,37.0,98208.38,35.6,70.9,6,885.79,623.16,2,0,2,3,online,west,basic,3684.97,70.9,6,885.79,147.63166666666666,0.6666666666666666,0.0,0.6666666666666666,1.4214487451055908,24.881741573033707,0.0471520565941016,growing,digital
RID-001572,20.0,78425.25,63.8,4.3,12,2047.0,1233.54,2,1,5,7,branch,east,plus,5016.11,4.3,12,2047.0,170.58333333333334,0.2857142857142857,0.08333333333333333,0.7142857142857143,1.6594516594516595,32.0846394984326,3.9436639936226907,mature,in_person
RID-000585,31.0,102079.72,32.6,67.3,7,1080.57,868.13,3,0,3,5,partner,north,premium,4533.96,67.3,7,1080.57,154.36714285714285,0.6,0.0,0.6,1.244709893679518,33.1463190184049,0.17226507738067864,growing,assisted
RID-000164,43.0,49530.25,15.6,85.8,6,846.93,748.26,0,1,2,5,branch,north,enterprise,3362.62,85.8,6,846.93,141.155,0.0,0.16666666666666666,0.4,1.131865928955176,54.29038461538461,-2.8620330921984762,growing,in_person
RID-000680,47.0,45760.96,39.0,46.8,5,897.48,479.08,0,1,5,7,online,west,basic,3748.7,46.8,5,897.48,179.496,0.0,0.2,0.7142857142857143,1.873340569424731,23.012307692307694,-0.666200368678966,mature,digital
RID-000800,48.0,19600.57,8.3,47.2,6,1029.26,541.3,0,0,1,3,branch,south,premium,3610.89,47.2,6,1029.26,171.54333333333332,0.0,0.0,0.3333333333333333,1.90145944947349,124.00722891566264,-1.0740588594565883,new,in_person
RID-000267,22.0,46556.17,26.4,39.2,4,1049.53,587.72,0,0,3,6,branch,east,plus,3161.84,39.2,4,1049.53,262.3825,0.0,0.0,0.5,1.785765330429456,39.754924242424245,-0.7162391471537717,growing,in_person
RID-000149,36.0,75700.64,49.5,76.7,10,1382.02,776.7,0,1,3,4,online,north,basic,4182.24,76.7,10,1382.02,138.202,0.0,0.1,0.75,1.7793485258143427,27.91959595959596,1.2232152159629297,mature,digital
RID-001378,29.0,87909.86,6.1,5.9,5,435.68,265.37,0,0,2,4,online,south,plus,2844.6,5.9,5,435.68,87.136,0.0,0.0,0.5,1.64178317066737,71.42295081967214,0.6052074267125978,new,digital
RID-000985,29.0,116933.7,50.3,128.4,9,1510.16,1061.11,1,0,4,5,agent,south,basic,5417.39,128.4,9,1510.16,167.79555555555555,0.2,0.0,0.8,1.423188924805157,30.02306163021869,0.2848380658934133,mature,assisted
RID-000589,35.0,96852.94,41.5,84.3,12,2728.15,1451.66,0,0,4,6,online,south,basic,5590.99,84.3,12,2728.15,227.34583333333333,0.0,0.0,0.6666666666666666,1.879331248363942,65.73855421686747,1.958123019646837,mature,digital
RID-001582,79.0,65612.5,17.3,78.6,5,1224.73,641.2,1,0,2,3,online,east,enterprise,3975.5,78.6,5,1224.73,244.946,0.3333333333333333,0.0,0.6666666666666666,1.9100592638802245,70.7936416184971,-0.5517178892623036,growing,digital
RID-001419,39.0,60852.26,37.6,71.9,2,355.89,255.71,0,0,3,4,online,north,basic,3695.93,71.9,2,355.89,177.945,0.0,0.0,0.75,1.3917719291384771,9.465159574468084,-1.0596636683010363,mature,digital
RID-000307,32.0,72658.84,43.1,16.1,9,1188.38,1027.62,1,1,3,5,online,west,plus,4356.93,16.1,9,1188.38,132.04222222222222,0.2,0.1111111111111111,0.6,1.156439150658804,27.57262180974478,1.6761526071190251,mature,digital
RID-000193,48.0,121493.81,49.5,17.0,8,1144.85,885.61,5,1,3,4,branch,east,premium,5487.2,17.0,8,1144.85,143.10625,1.25,0.125,0.75,1.2927247885638147,23.128282828282828,1.9867472156546158,mature,in_person
RID-000953,42.0,56230.08,39.0,27.0,8,1520.81,764.52,1,0,4,6,agent,west,premium,4010.4,27.0,8,1520.81,190.10125,0.16666666666666666,0.0,0.6666666666666666,1.9892350756029926,38.9951282051282,2.04932295995863,mature,assisted
RID-000310,43.0,80222.76,20.5,24.4,6,1423.54,953.17,0,0,2,3,online,east,basic,4895.28,24.4,6,1423.54,237.25666666666666,0.0,0.0,0.6666666666666666,1.4934796521082283,69.4409756097561,1.3596447598153252,growing,digital
RID-001799,50.0,60651.5,19.5,130.1,11,1603.16,1294.85,1,0,2,5,online,east,basic,3590.91,130.1,11,1603.16,145.7418181818182,0.2,0.0,0.4,1.2381047997837589,82.21333333333334,-1.148271221325454,growing,digital
RID-000064,48.0,93803.37,19.4,154.9,6,1337.68,1064.36,1,0,1,4,agent,north,plus,3289.18,154.9,6,1337.68,222.9466666666667,0.25,0.0,0.25,1.2567928144612728,68.95257731958763,-4.561501016501768,growing,assisted
RID-001649,34.0,59339.12,45.2,52.7,7,1273.56,743.21,1,1,4,7,branch,north,premium,4040.42,52.7,7,1273.56,181.93714285714285,0.14285714285714285,0.14285714285714285,0.5714285714285714,1.7135937352834325,28.176106194690263,-0.47465055700519737,mature,in_person
RID-001791,42.0,82172.16,31.7,54.1,8,479.36,251.65,2,0,3,5,partner,west,enterprise,3523.55,54.1,8,479.36,59.92,0.4,0.0,0.6,1.9048678720445062,15.121766561514196,0.9263760956610996,growing,assisted
RID-001365,45.0,73876.63,40.7,4.0,6,60.0,51.44,1,2,3,5,online,west,plus,3444.58,4.0,6,60.0,10.0,0.2,0.3333333333333333,0.6,1.166407465007776,1.4742014742014742,-0.5355755973507874,mature,digital
RID-000487,46.0,73580.96,14.2,15.1,6,1009.54,872.7,0,0,1,3,branch,north,enterprise,3714.94,15.1,6,1009.54,168.25666666666666,0.0,0.0,0.3333333333333333,1.1568007333562507,71.0943661971831,-0.16801550949096944,growing,in_person
RID-000753,46.0,54676.32,31.9,62.8,5,657.08,341.5,0,2,5,6,online,west,plus,3100.17,62.8,5,657.08,131.416,0.0,0.4,0.8333333333333334,1.9240995607613471,20.598119122257057,-1.746263436432868,growing,digital
RID-001019,27.0,97652.69,26.0,40.1,5,1142.63,671.97,1,0,2,4,online,south,plus,4637.11,40.1,5,1142.63,228.526,0.25,0.0,0.5,1.7004181734303616,43.947307692307696,-0.3601097872694634,growing,digital
RID-001138,29.0,62221.76,50.8,70.8,12,2003.39,1244.55,1,0,5,6,agent,north,premium,5113.38,70.8,12,2003.39,166.94916666666668,0.16666666666666666,0.0,0.8333333333333334,1.6097304246514805,39.43681102362205,3.2342486932992367,mature,assisted
RID-001344,59.0,81745.55,17.9,24.1,7,756.97,552.68,0,0,2,5,branch,west,basic,3953.06,24.1,7,756.97,108.13857142857144,0.0,0.0,0.4,1.3696352319606284,42.288826815642466,0.31751785117716913,growing,in_person
RID-001211,57.0,71080.18,33.3,50.6,12,1775.83,1018.2,0,0,3,5,branch,east,premium,4839.34,50.6,12,1775.83,147.98583333333332,0.0,0.0,0.6,1.7440876055784718,53.328228228228234,2.5512956468729704,growing,in_person
RID-001517,46.0,44977.39,41.8,17.4,12,1641.18,1089.32,0,1,5,8,agent,south,plus,4487.01,17.4,12,1641.18,136.76500000000001,0.0,0.08333333333333333,0.625,1.506609628024823,39.26267942583733,3.0944011606643222,mature,assisted
RID-001313,41.0,55970.87,13.7,11.9,8,1359.52,724.21,0,2,2,4,online,north,premium,3158.0,11.9,8,1359.52,169.94,0.0,0.25,0.5,1.877245550323801,99.23503649635038,-0.004293021304970779,growing,digital
RID-001053,29.0,99154.56,52.0,54.7,9,1351.67,1181.76,1,2,4,7,agent,west,plus,4346.92,54.7,9,1351.67,150.18555555555557,0.14285714285714285,0.2222222222222222,0.5714285714285714,1.1437770782561605,25.993653846153848,-0.2711302637194434,mature,assisted
RID-001588,39.0,89373.02,36.3,46.9,3,548.77,291.91,0,0,3,4,branch,south,basic,4395.35,46.9,3,548.77,182.92333333333332,0.0,0.0,0.75,1.8799287451611797,15.117630853994491,0.027510014452727827,mature,in_person
RID-000809,38.0,57917.42,41.5,83.3,12,2817.94,1892.18,0,0,4,6,online,east,plus,4619.16,83.3,12,2817.94,234.82833333333335,0.0,0.0,0.6666666666666666,1.4892557790485048,67.9021686746988,1.9863486691784762,mature,digital
RID-000219,60.0,37410.57,24.0,12.7,5,1527.93,1055.12,0,1,3,4,agent,west,premium,3783.14,12.7,5,1527.93,305.586,0.0,0.2,0.75,1.4481101675638792,63.66375,0.48809700998748895,growing,assisted
RID-001658,43.0,71971.02,35.0,56.1,6,943.2,561.71,3,0,3,4,online,west,plus,4109.75,56.1,6,943.2,157.20000000000002,0.75,0.0,0.75,1.6791582845240427,26.94857142857143,0.9124313721499973,growing,digital
RID-000287,37.0,124025.03,35.9,28.0,14,2573.15,1347.7,1,1,4,5,partner,north,premium,6003.91,28.0,14,2573.15,183.79642857142858,0.2,0.07142857142857142,0.8,1.9092899013133486,71.67548746518106,4.573571534265027,growing,assisted
RID-001362,59.0,93810.48,31.3,54.4,11,815.18,657.68,1,0,2,3,branch,west,basic,4745.41,54.4,11,815.18,74.10727272727273,0.3333333333333333,0.0,0.6666666666666666,1.2394781656732758,26.044089456869006,2.4205374961800663,growing,in_person
RID-001447,38.0,81289.44,22.8,34.4,5,540.65,395.74,0,0,1,4,branch,east,plus,3128.19,34.4,5,540.65,108.13,0.0,0.0,0.25,1.3661747612068529,23.712719298245613,-1.5418426924020245,growing,in_person
RID-001289,34.0,72428.72,38.3,20.9,7,1103.93,751.89,1,0,2,3,online,east,plus,4418.37,20.9,7,1103.93,157.70428571428573,0.3333333333333333,0.0,0.6666666666666666,1.4682067855670378,28.82323759791123,1.8399669776388459,mature,digital
RID-001537,35.0,88043.37,41.3,48.6,4,798.07,622.24,0,0,3,5,online,west,premium,4215.73,48.6,4,798.07,199.5175,0.0,0.0,0.6,1.2825758549755721,19.323728813559324,-0.4445126097660186,mature,digital
RID-000362,32.0,85754.13,62.2,4.1,6,676.22,547.89,1,1,5,7,agent,east,enterprise,4105.19,4.1,6,676.22,112.70333333333333,0.14285714285714285,0.16666666666666666,0.7142857142857143,1.2342258482542117,10.87170418006431,1.1318664953469564,mature,assisted
RID-001336,39.0,94538.77,54.7,173.6,7,1544.93,975.33,0,1,4,5,online,north,basic,4351.8,173.6,7,1544.93,220.70428571428573,0.0,0.14285714285714285,0.8,1.5840074641403423,28.243692870201098,-2.659594115700008,mature,digital
RID-000577,52.0,88012.51,17.8,36.2,5,1033.4,556.28,0,1,3,6,online,north,basic,3444.9,36.2,5,1033.4,206.68,0.0,0.2,0.5,1.8576975623786585,58.0561797752809,-1.5178248614689376,growing,digital
RID-001314,22.0,78664.34,51.5,41.2,8,988.67,603.91,1,1,4,7,online,east,plus,3906.56,41.2,8,988.67,123.58375,0.14285714285714285,0.125,0.5714285714285714,1.6371148018744515,19.19747572815534,0.34467284880115734,mature,digital
RID-001186,41.0,57036.4,9.7,30.7,7,939.97,493.4,2,0,2,3,online,north,plus,3441.03,30.7,7,939.97,134.28142857142856,0.6666666666666666,0.0,0.6666666666666666,1.9050871503850833,96.90412371134022,1.5633556122287817,new,digital
RID-000486,45.0,122336.33,21.5,26.6,8,1271.49,1110.71,0,0,1,4,partner,west,premium,5460.74,26.6,8,1271.49,158.93625,0.0,0.0,0.25,1.1447542562865194,59.13906976744186,-0.17708529266688844,growing,assisted
RID-001478,49.0,53496.96,21.4,53.3,9,1020.55,671.58,0,1,2,4,agent,south,premium,3524.97,53.3,9,1020.55,113.39444444444445,0.0,0.1111111111111111,0.5,1.5196253610887756,47.6892523364486,0.0891108015568845,growing,assisted
RID-000553,29.0,36312.22,34.0,25.7,10,414.33,282.63,1,0,2,3,online,west,plus,2425.48,25.7,10,414.33,41.433,0.3333333333333333,0.0,0.6666666666666666,1.4659802568729434,12.186176470588235,2.849081193275328,growing,digital
RID-001433,37.0,41519.39,40.1,55.9,5,853.96,527.04,2,0,2,3,branch,north,basic,2950.14,55.9,5,853.96,170.792,0.6666666666666666,0.0,0.6666666666666666,1.6202944748026717,21.29576059850374,0.08900435510590654,mature,in_person
RID-000875,41.0,43676.92,47.4,49.6,9,996.2,733.19,0,0,4,5,agent,south,basic,4089.99,49.6,9,996.2,110.6888888888889,0.0,0.0,0.8,1.358720113476725,21.016877637130804,2.5090192489865837,mature,assisted
RID-000905,32.0,81993.33,46.4,12.3,3,139.07,105.95,0,0,5,8,agent,south,plus,3639.55,12.3,3,139.07,46.35666666666666,0.0,0.0,0.625,1.3126002831524304,2.9971982758620688,0.33280793451599244,mature,assisted
RID-001114,39.0,58573.91,23.5,31.6,7,1114.04,924.9,0,0,2,4,agent,north,plus,3692.29,31.6,7,1114.04,159.14857142857142,0.0,0.0,0.5,1.204497783544167,47.40595744680851,0.6428731226750368,growing,assisted
RID-000842,22.0,115130.15,30.2,7.6,6,734.19,546.24,1,1,3,6,online,north,basic,4732.52,7.6,6,734.19,122.36500000000001,0.16666666666666666,0.16666666666666666,0.5,1.3440795254833042,24.310927152317884,-0.11773965583912793,growing,digital
RID-001640,24.0,93386.06,38.7,37.1,8,795.49,407.45,1,0,4,7,agent,east,premium,4417.55,37.1,8,795.49,99.43625,0.14285714285714285,0.0,0.5714285714285714,1.9523622530371825,20.55529715762274,1.25276995398892,mature,assisted
RID-001290,46.0,86392.56,15.2,10.5,7,1524.48,1323.13,0,0,0,1,branch,north,premium,4050.9,10.5,7,1524.48,217.78285714285715,0.0,0.0,0.0,1.1521770347584892,100.29473684210527,-1.446803887133185,growing,in_person
RID-000888,42.0,52787.04,40.3,110.3,10,951.34,852.74,1,0,4,7,agent,west,basic,3114.64,110.3,10,951.34,95.134,0.14285714285714285,0.0,0.5714285714285714,1.1156272720876235,23.60645161290323,-0.0502827028015036,mature,assisted
RID-000880,23.0,94752.16,39.5,72.6,6,252.32,155.28,0,1,4,7,partner,north,premium,3829.98,72.6,6,252.32,42.053333333333335,0.0,0.16666666666666666,0.5714285714285714,1.6249356002060793,6.387848101265822,-1.5688014161205612,mature,assisted
RID-001727,52.0,91960.03,45.1,23.0,8,1362.97,1141.87,2,0,4,5,partner,east,premium,5458.48,23.0,8,1362.97,170.37125,0.4,0.0,0.8,1.1936297476945714,30.221064301552104,2.8782890820654035,mature,assisted
RID-000901,48.0,92363.33,51.9,247.8,7,1055.81,863.96,0,1,5,7,branch,east,basic,3828.84,247.8,7,1055.81,150.82999999999998,0.0,0.14285714285714285,0.7142857142857143,1.2220588916153525,20.34315992292871,-5.214263862077778,mature,in_person
RID-000293,52.0,62893.18,49.5,121.6,10,1646.5,1064.01,1,0,4,6,online,west,basic,4576.25,121.6,10,1646.5,164.65,0.16666666666666666,0.0,0.6666666666666666,1.547447862332121,33.26262626262626,0.14224140319112744,mature,digital
RID-000632,30.0,75764.05,54.8,47.0,3,384.48,316.18,0,0,4,5,online,north,enterprise,3870.51,47.0,3,384.48,128.16,0.0,0.0,0.8,1.2160161933076097,7.016058394160584,0.29321127099214506,mature,digital
RID-001129,37.0,117785.77,26.5,32.5,4,679.07,389.62,2,0,4,5,partner,east,premium,4464.51,32.5,4,679.07,169.7675,0.4,0.0,0.8,1.742903341717571,25.625283018867925,1.084015633663697,growing,assisted
RID-001432,53.0,105291.5,47.2,8.9,2,324.21,282.5,5,0,3,4,partner,north,enterprise,4207.61,8.9,2,324.21,162.105,1.25,0.0,0.75,1.147646017699115,6.868855932203389,0.7185522521922346,mature,assisted
RID-001132,18.0,83070.47,52.0,48.8,10,1166.5,676.48,2,1,3,4,online,north,premium,4348.26,48.8,10,1166.5,116.65,0.5,0.1,0.75,1.7243673131504258,22.432692307692307,2.0107108378956635,mature,digital
RID-001279,56.0,48263.32,53.7,96.4,2,592.84,366.85,0,0,4,5,online,north,plus,2876.8,96.4,2,592.84,296.42,0.0,0.0,0.8,1.6160283494616328,11.039851024208566,-1.4826682603336159,mature,digital
RID-001086,53.0,76011.07,33.0,18.2,3,284.99,224.08,2,1,1,2,agent,west,enterprise,3705.98,18.2,3,284.99,94.99666666666667,1.0,0.3333333333333333,0.5,1.271822563370225,8.636060606060607,-2.618024797073576,growing,assisted
RID-000494,51.0,93149.9,31.0,48.7,8,799.49,495.0,0,0,3,4,online,south,plus,4565.9,48.7,8,799.49,99.93625,0.0,0.0,0.75,1.6151313131313132,25.79,1.8843660676096943,growing,digital
RID-001189,39.0,72779.93,28.3,14.8,6,599.77,422.08,2,0,4,5,branch,east,basic,3771.79,14.8,6,599.77,99.96166666666666,0.4,0.0,0.8,1.4209865428354815,21.19328621908127,2.3466745192992784,growing,in_person
RID-000278,43.0,97919.22,1.0,32.9,8,1256.79,929.19,0,0,1,3,branch,west,plus,4262.67,32.9,8,1256.79,157.09875,0.0,0.0,0.3333333333333333,1.3525651373777159,1256.79,0.0926328177714194,new,in_person
RID-001662,38.0,104354.71,30.6,21.4,6,980.14,729.66,0,0,1,4,agent,east,basic,4318.2,21.4,6,980.14,163.35666666666665,0.0,0.0,0.25,1.343283172984678,32.030718954248364,-0.7933768040279316,growing,assisted
RID-000359,29.0,60039.38,38.9,49.8,5,1003.07,791.86,0,0,3,5,branch,south,basic,3724.71,49.8,5,1003.07,200.614,0.0,0.0,0.6,1.266726441542697,25.785861182519284,-0.09685094474120193,mature,in_person
RID-000987,52.0,82155.18,50.7,32.7,11,1156.11,892.96,1,1,5,7,agent,east,basic,3891.41,32.7,11,1156.11,105.10090909090908,0.14285714285714285,0.09090909090909091,0.7142857142857143,1.2946940512452965,22.802958579881654,2.712500560515411,mature,assisted
RID-000237,37.0,70944.17,48.4,38.1,8,367.58,327.6,2,1,4,7,agent,north,premium,3993.43,38.1,8,367.58,45.9475,0.2857142857142857,0.125,0.5714285714285714,1.1220390720390718,7.594628099173554,0.43217236234923895,mature,assisted
RID-001681,51.0,97755.42,15.5,37.9,5,830.93,646.94,0,0,0,3,online,east,enterprise,3066.11,37.9,5,830.93,166.18599999999998,0.0,0.0,0.0,1.2844004080749372,53.60838709677419,-2.9832515732256666,growing,digital
RID-000209,65.0,50843.02,47.4,53.5,8,1052.49,926.89,0,2,4,7,branch,north,plus,4204.6,53.5,8,1052.49,131.56125,0.0,0.25,0.5714285714285714,1.1355069102050945,22.204430379746835,-0.7948745825460468,mature,in_person
RID-001281,26.0,59917.88,27.6,26.4,4,257.85,207.25,0,0,3,5,partner,west,basic,2668.39,26.4,4,257.85,64.4625,0.0,0.0,0.6,1.244149577804584,9.342391304347826,0.1820968098363721,growing,assisted
RID-001406,34.0,110262.43,22.1,58.3,3,493.07,285.73,1,1,2,3,agent,west,plus,4127.39,58.3,3,493.07,164.35666666666665,0.3333333333333333,0.3333333333333333,0.6666666666666666,1.7256500892450914,22.310859728506784,-2.854793938317039,growing,assisted
RID-000059,40.0,114049.84,56.1,104.0,9,2039.07,1280.21,1,1,5,7,branch,west,plus,5617.03,104.0,9,2039.07,226.56333333333333,0.14285714285714285,0.1111111111111111,0.7142857142857143,1.592762124963873,36.34705882352941,-0.1911132518718766,mature,in_person
RID-001430,33.0,77151.74,45.9,70.0,10,2238.22,1264.14,2,0,4,5,agent,east,plus,6268.7,70.0,10,2238.22,223.82199999999997,0.4,0.0,0.8,1.7705475659341525,48.76296296296296,2.3147484430039276,mature,assisted
RID-001423,42.0,85161.43,23.4,81.1,8,1369.61,822.71,0,0,2,5,online,west,enterprise,3861.51,81.1,8,1369.61,171.20125,0.0,0.0,0.4,1.6647542876590777,58.53034188034188,-0.9098117276634825,growing,digital
RID-000364,25.0,80415.75,36.8,4.9,6,620.55,423.19,0,0,4,6,online,south,plus,4129.22,4.9,6,620.55,103.425,0.0,0.0,0.6666666666666666,1.466362626716132,16.862771739130434,1.91004492568229,mature,digital
RID-000907,28.0,50122.22,37.4,11.6,8,537.48,352.35,1,0,3,6,online,south,premium,2881.45,11.6,8,537.48,67.185,0.16666666666666666,0.0,0.5,1.5254150702426563,14.371122994652408,1.5889185577706046,mature,digital
RID-000723,48.0,18000.0,3.7,95.0,6,601.08,406.21,1,1,2,4,online,west,plus,2224.47,95.0,6,601.08,100.18,0.25,0.16666666666666666,0.5,1.4797272346815689,162.45405405405407,-2.5846614249043953,new,digital
RID-001010,23.0,86606.79,42.1,31.2,8,1275.45,880.4,0,0,4,5,agent,north,plus,4207.7,31.2,8,1275.45,159.43125,0.0,0.0,0.8,1.4487164925034077,30.295724465558195,2.646838755905962,mature,assisted
RID-001633,40.0,104610.02,22.9,24.5,7,1795.97,1512.53,1,0,3,6,branch,west,premium,4946.92,24.5,7,1795.97,256.56714285714287,0.16666666666666666,0.0,0.5,1.1873946301891534,78.42663755458516,0.8432752343496752,growing,in_person
RID-001102,43.0,93832.98,71.1,108.2,9,2125.22,1660.18,0,0,7,10,online,south,premium,5559.9,108.2,9,2125.22,236.13555555555553,0.0,0.0,0.7,1.280114204483851,29.89057665260197,0.31794854344736323,mature,digital
RID-000693,49.0,123618.2,13.7,124.3,7,992.6,873.43,0,0,2,4,branch,south,plus,3888.88,124.3,7,992.6,141.8,0.0,0.0,0.5,1.1364390964358908,72.45255474452556,-1.9736445889079186,growing,in_person
RID-000906,51.0,52161.41,37.7,35.4,8,1727.25,1024.78,0,0,3,5,agent,south,basic,3940.28,35.4,8,1727.25,215.90625,0.0,0.0,0.6,1.6854837135775484,45.815649867374,1.454195741902753,mature,assisted
RID-001570,51.0,56761.19,34.4,26.2,5,1094.44,774.06,0,2,3,6,agent,north,plus,3490.45,26.2,5,1094.44,218.888,0.0,0.4,0.5,1.4138955636513968,31.81511627906977,-2.5033634735254124,growing,assisted
RID-000119,25.0,45783.37,49.6,16.7,9,1907.21,1298.41,1,1,5,6,branch,east,plus,4736.68,16.7,9,1907.21,211.91222222222223,0.16666666666666666,0.1111111111111111,0.8333333333333334,1.4688811700464413,38.45181451612903,2.9123283843654195,mature,in_person
RID-001796,38.0,91330.32,41.2,65.8,10,1052.08,893.98,1,0,4,7,agent,south,plus,4724.93,65.8,10,1052.08,105.208,0.14285714285714285,0.0,0.5714285714285714,1.1768495939506476,25.535922330097083,1.2057587013564417,mature,assisted
RID-000630,48.0,95403.86,35.3,28.5,7,2059.24,1056.61,1,2,3,5,branch,west,premium,5413.64,28.5,7,2059.24,294.1771428571428,0.2,0.2857142857142857,0.6,1.94891208676806,58.33541076487252,-0.5437155884672439,growing,in_person
RID-000523,43.0,70566.94,35.2,16.2,2,149.67,83.82,0,1,2,3,agent,south,enterprise,2542.71,16.2,2,149.67,74.835,0.0,0.5,0.6666666666666666,1.785612025769506,4.251988636363635,-3.1045224603085346,growing,assisted
RID-000514,43.0,48093.29,35.1,40.2,9,669.31,353.25,0,0,3,6,agent,east,basic,3315.78,40.2,9,669.31,74.36777777777777,0.0,0.0,0.5,1.8947204529370132,19.068660968660968,1.1631974256285065,growing,assisted
RID-000082,54.0,97490.33,31.7,85.5,13,2235.45,1200.32,0,0,2,5,agent,east,plus,5345.23,85.5,13,2235.45,171.9576923076923,0.0,0.0,0.4,1.8623783657691282,70.51892744479495,0.873657636711222,growing,assisted
RID-000705,56.0,66048.04,45.4,46.8,7,1207.14,610.84,2,0,4,5,online,east,premium,4029.53,46.8,7,1207.14,172.44857142857146,0.4,0.0,0.8,1.9761967127234628,26.58898678414097,1.824986178749607,mature,digital
RID-000381,47.0,146121.77,33.5,24.1,5,736.38,431.76,1,0,3,5,agent,north,premium,4722.84,24.1,5,736.38,147.276,0.2,0.0,0.6,1.7055308504724846,21.981492537313432,0.6285482482219258,growing,assisted
RID-001525,48.0,86528.64,64.4,95.9,6,1052.94,923.56,3,2,5,7,online,south,enterprise,3536.88,95.9,6,1052.94,175.49,0.42857142857142855,0.3333333333333333,0.7142857142857143,1.1400883537615316,16.349999999999998,-2.515744054468246,mature,digital
RID-000085,30.0,51985.99,33.2,24.7,9,819.92,551.87,2,0,3,5,online,north,premium,3119.03,24.7,9,819.92,91.10222222222222,0.4,0.0,0.6,1.4857122148332034,24.69638554216867,2.1377426363540764,growing,digital
RID-001515,43.0,65018.53,53.9,30.9,12,2753.13,2365.3,1,0,4,5,online,east,plus,6366.16,30.9,12,2753.13,229.4275,0.2,0.0,0.8,1.1639665158753647,51.07847866419295,4.181436228616588,mature,digital
RID-001666,45.0,110948.33,41.7,20.5,9,562.28,467.01,0,0,3,5,partner,east,plus,5164.56,20.5,9,562.28,62.47555555555555,0.0,0.0,0.6,1.2039999143487292,13.483932853717025,2.2562903643869605,mature,assisted
RID-000915,39.0,55555.28,39.9,27.1,11,1822.1,1345.4,0,2,4,7,agent,south,plus,4555.73,27.1,11,1822.1,165.64545454545453,0.0,0.18181818181818182,0.5714285714285714,1.3543184183142558,45.666666666666664,1.5270827759910564,mature,assisted
RID-000614,44.0,76609.43,35.8,30.6,11,2190.28,1955.49,0,1,2,5,online,west,plus,4930.92,30.6,11,2190.28,199.11636363636364,0.0,0.09090909090909091,0.4,1.1200670931582366,61.18100558659219,1.083910403721345,growing,digital
RID-000983,44.0,104579.34,35.6,20.7,12,2621.88,2167.3,2,0,3,5,online,east,basic,5885.05,20.7,12,2621.88,218.49,0.4,0.0,0.6,1.2097448438148848,73.64831460674158,3.395242567868983,growing,digital
RID-000757,45.0,84920.77,20.8,20.1,7,1726.69,1213.87,2,0,0,3,agent,west,enterprise,4446.21,20.1,7,1726.69,246.67000000000002,0.6666666666666666,0.0,0.0,1.4224669857563004,83.0139423076923,-1.7177701226369217,growing,assisted
RID-000721,45.0,54484.33,27.5,15.4,7,625.22,517.94,0,1,3,5,branch,north,premium,2513.3,15.4,7,625.22,89.31714285714285,0.0,0.14285714285714285,0.6,1.207128238792138,22.73527272727273,0.7316083542349918,growing,in_person
RID-000452,48.0,76852.6,44.4,46.8,8,1873.57,1098.46,0,0,4,6,online,west,plus,5726.59,46.8,8,1873.57,234.19625,0.0,0.0,0.6666666666666666,1.7056333412231668,42.197522522522526,1.490455099232174,mature,digital
RID-000491,28.0,42392.79,47.5,46.1,5,704.63,630.09,0,0,3,6,agent,south,premium,2590.09,46.1,5,704.63,140.926,0.0,0.0,0.5,1.1183005602374263,14.834315789473685,-0.5294636844592988,mature,assisted
RID-001779,39.0,82856.26,14.1,45.3,7,1107.84,864.54,1,0,2,3,agent,north,plus,4473.8,45.3,7,1107.84,158.26285714285714,0.3333333333333333,0.0,0.6666666666666666,1.2814213338885418,78.57021276595745,1.151261129066849,growing,assisted
RID-000288,34.0,31210.05,57.4,39.2,9,1150.91,901.31,0,0,4,6,online,south,plus,4470.91,39.2,9,1150.91,127.8788888888889,0.0,0.0,0.6666666666666666,1.2769302459753027,20.0506968641115,2.0865024801354153,mature,digital
RID-001158,62.0,33709.14,24.1,129.5,4,678.66,404.44,1,0,1,4,branch,north,premium,2206.79,129.5,4,678.66,169.665,0.25,0.0,0.25,1.6780239343289487,28.16016597510373,-4.607634407323698,growing,in_person
RID-001786,39.0,55049.22,49.0,79.0,6,899.57,679.59,0,0,3,6,online,north,plus,3580.74,79.0,6,899.57,149.92833333333334,0.0,0.0,0.5,1.3236951691461027,18.35857142857143,-1.0765551095874453,mature,digital
RID-001230,42.0,82285.77,40.0,20.3,2,411.21,266.63,1,0,5,6,agent,south,basic,3456.29,20.3,2,411.21,205.605,0.16666666666666666,0.0,0.8333333333333334,1.5422495593144057,10.280249999999999,0.8443195500191825,mature,assisted
RID-001084,68.0,87707.91,38.3,21.0,5,272.82,153.76,1,4,3,5,online,north,plus,2788.46,21.0,5,272.82,54.564,0.2,0.8,0.6,1.7743236212278877,7.123237597911228,-4.355132667721461,mature,digital
RID-001499,30.0,92772.15,30.4,154.1,9,1108.62,689.88,1,0,4,6,online,north,plus,4161.12,154.1,9,1108.62,123.17999999999999,0.16666666666666666,0.0,0.6666666666666666,1.6069751261088883,36.46776315789474,-1.1566246510499307,growing,digital
RID-001334,31.0,84716.31,43.6,32.1,6,1389.11,910.83,3,0,4,7,partner,north,plus,4068.01,32.1,6,1389.11,231.51833333333332,0.42857142857142855,0.0,0.5714285714285714,1.5251034770484062,31.860321100917428,0.6308333127215491,mature,assisted
RID-001000,42.0,77899.27,24.4,58.2,8,1192.44,625.85,0,0,2,4,online,north,basic,4045.62,58.2,8,1192.44,149.055,0.0,0.0,0.5,1.905312774626508,48.870491803278696,0.27360328959621705,growing,digital
RID-001201,58.0,67975.88,16.9,81.4,8,1363.72,976.08,1,0,1,4,agent,east,basic,2855.18,81.4,8,1363.72,170.465,0.25,0.0,0.25,1.3971395787230554,80.69349112426036,-1.7238508870007179,growing,assisted
RID-001490,47.0,88532.06,47.8,10.6,10,1457.85,892.16,0,0,3,4,agent,north,plus,5413.11,10.6,10,1457.85,145.785,0.0,0.0,0.75,1.6340678802008608,30.498953974895397,3.722828203690715,mature,assisted
RID-000328,53.0,48892.17,22.1,90.5,6,1251.86,641.6,1,1,2,4,agent,west,plus,2711.63,90.5,6,1251.86,208.64333333333332,0.25,0.16666666666666666,0.5,1.951153366583541,56.645248868778275,-2.4576460020120185,growing,assisted
RID-001310,38.0,86567.08,47.8,49.5,4,714.29,612.0,0,0,3,4,online,west,basic,4050.87,49.5,4,714.29,178.5725,0.0,0.0,0.75,1.167140522875817,14.943305439330544,0.3356557701332492,mature,digital
RID-001113,44.0,103491.34,35.3,46.2,8,1842.1,1033.83,3,0,4,7,online,west,premium,6007.78,46.2,8,1842.1,230.2625,0.42857142857142855,0.0,0.5714285714285714,1.7818209957149629,52.184135977337114,0.9959165432510031,growing,digital
RID-000937,63.0,92281.33,31.0,36.2,10,1602.72,1418.47,1,0,2,3,agent,east,basic,5240.34,36.2,10,1602.72,160.272,0.3333333333333333,0.0,0.6666666666666666,1.1298934767742708,51.700645161290325,2.5527118731931164,growing,assisted
RID-001408,46.0,36413.24,34.5,70.4,8,996.45,825.8,0,0,2,5,partner,east,enterprise,2787.47,70.4,8,996.45,124.55625,0.0,0.0,0.4,1.2066480988132722,28.882608695652173,-0.6077972776749432,growing,assisted
RID-000758,35.0,103776.32,30.8,37.7,8,1977.96,1177.93,2,0,3,4,branch,north,premium,5668.61,37.7,8,1977.96,247.245,0.5,0.0,0.75,1.6791829735213466,64.21948051948051,2.1948482124577255,growing,in_person
RID-000178,48.0,63314.03,28.9,20.5,4,475.92,372.25,0,0,3,4,partner,north,basic,3158.78,20.5,4,475.92,118.98,0.0,0.0,0.75,1.2784956346541303,16.467820069204155,1.1541996065507865,growing,assisted
RID-000608,29.0,85293.92,23.9,72.5,3,350.96,300.38,2,0,2,4,online,north,premium,2952.02,72.5,3,350.96,116.98666666666666,0.5,0.0,0.5,1.1683867101671217,14.684518828451884,-2.037685721020141,growing,digital
RID-000775,42.0,114180.31,26.6,162.2,8,1521.57,803.12,0,0,3,5,branch,south,plus,4955.67,162.2,8,1521.57,190.19625,0.0,0.0,0.6,1.8945736627154097,57.20187969924812,-2.1248166187090995,growing,in_person
RID-000087,49.0,80692.4,35.8,10.3,8,1920.66,1345.72,2,0,3,5,agent,west,enterprise,4335.32,10.3,8,1920.66,240.0825,0.4,0.0,0.6,1.4272359777665489,53.64972067039107,2.1626595451468975,growing,assisted
RID-001266,24.0,97922.81,23.1,66.7,5,595.37,451.05,0,0,2,3,branch,north,basic,3727.55,66.7,5,595.37,119.074,0.0,0.0,0.6666666666666666,1.3199645272142777,25.773593073593073,-0.21583265983579714,growing,in_person
RID-001758,63.0,131078.69,26.6,64.1,11,2359.07,1489.27,0,1,2,5,branch,west,premium,5434.84,64.1,11,2359.07,214.4609090909091,0.0,0.09090909090909091,0.4,1.5840445318847491,88.68684210526315,0.13835114441143126,growing,in_person
RID-000458,42.0,73802.12,23.3,23.8,9,2347.35,1772.49,0,1,2,3,agent,south,basic,4953.14,23.8,9,2347.35,260.81666666666666,0.0,0.1111111111111111,0.6666666666666666,1.324323409440956,100.74463519313304,1.8168468677155107,growing,assisted
RID-000055,25.0,66350.11,33.4,56.9,6,1215.48,859.59,1,0,2,4,partner,north,plus,3803.73,56.9,6,1215.48,202.58,0.25,0.0,0.5,1.4140229644365336,36.39161676646707,-0.4527682549382187,growing,assisted
RID-001353,57.0,83584.69,38.6,76.9,6,1501.56,1266.95,1,0,2,5,branch,north,plus,3892.53,76.9,6,1501.56,250.26,0.2,0.0,0.4,1.1851769998816053,38.90051813471502,-1.554328888556165,mature,in_person
RID-000222,45.0,73229.55,22.4,84.6,9,1784.66,1306.6,1,0,2,4,branch,south,plus,4889.6,84.6,9,1784.66,198.29555555555555,0.25,0.0,0.5,1.3658809122914437,79.67232142857144,-0.09002141357627469,growing,in_person
RID-000114,33.0,51040.66,34.9,127.7,6,896.37,538.09,0,0,3,4,agent,north,basic,3325.06,127.7,6,896.37,149.395,0.0,0.0,0.75,1.6658365700905051,25.683954154727793,-1.1085251343153706,growing,assisted
RID-001654,53.0,59231.73,39.9,54.7,11,886.06,721.02,1,0,4,7,agent,east,plus,3506.77,54.7,11,886.06,80.55090909090909,0.14285714285714285,0.0,0.5714285714285714,1.22889795012621,22.20701754385965,1.90059585562042,mature,assisted
RID-001112,50.0,107136.12,19.2,44.9,12,715.29,388.94,0,0,3,5,partner,north,enterprise,4676.52,44.9,12,715.29,59.607499999999995,0.0,0.0,0.6,1.8390754357998662,37.2546875,2.712181849203314,growing,assisted
RID-000820,55.0,71739.72,32.1,122.3,7,1106.87,836.69,0,1,2,3,online,south,plus,4040.3,122.3,7,1106.87,158.1242857142857,0.0,0.14285714285714285,0.6666666666666666,1.322915297182947,34.48193146417445,-1.9276818187071325,growing,digital
RID-000175,41.0,64593.79,20.5,19.6,4,317.99,165.63,0,1,1,4,branch,south,basic,2355.18,19.6,4,317.99,79.4975,0.0,0.25,0.25,1.9198816639497676,15.51170731707317,-3.0903794080126317,growing,in_person
RID-001646,34.0,57061.67,28.6,27.1,7,831.55,615.13,0,2,4,5,agent,north,premium,3431.99,27.1,7,831.55,118.79285714285713,0.0,0.2857142857142857,0.8,1.3518280688634923,29.075174825174823,0.5698956068473753,growing,assisted
RID-001405,26.0,40197.23,37.3,38.0,5,817.1,562.32,1,0,2,5,partner,east,basic,3270.54,38.0,5,817.1,163.42000000000002,0.2,0.0,0.4,1.4530872101294636,21.906166219839143,-0.8378835662381827,mature,assisted
RID-000019,53.0,58856.67,9.4,55.6,14,2077.91,1840.4,3,0,1,4,agent,east,plus,3969.21,55.6,14,2077.91,148.42214285714286,0.75,0.0,0.25,1.1290534666376872,221.05425531914892,1.293565537692275,new,assisted
RID-000424,45.0,66427.34,49.8,21.8,10,875.44,545.36,1,1,3,6,online,north,plus,4316.06,21.8,10,875.44,87.54400000000001,0.16666666666666666,0.1,0.5,1.605251576940003,17.579116465863457,1.430184267787018,mature,digital
RID-001207,34.0,108181.23,35.7,34.0,11,2046.27,1405.21,0,0,1,4,online,east,premium,5180.47,34.0,11,2046.27,186.02454545454546,0.0,0.0,0.25,1.456202275816426,57.31848739495798,0.7586422341873317,growing,digital
RID-000286,41.0,76355.84,40.7,216.3,4,561.84,450.66,0,0,4,7,online,south,basic,2023.27,216.3,4,561.84,140.46,0.0,0.0,0.5714285714285714,1.2467048329117294,13.804422604422605,-5.331396219931962,mature,digital
RID-001429,38.0,77467.25,26.0,37.8,3,429.26,322.11,1,0,2,3,online,west,plus,3841.28,37.8,3,429.26,143.08666666666667,0.3333333333333333,0.0,0.6666666666666666,1.3326503368414515,16.509999999999998,-0.16317627729699047,growing,digital
RID-000429,31.0,80558.52,29.0,97.8,13,2905.76,1565.51,1,0,3,5,online,east,premium,5009.63,97.8,13,2905.76,223.52,0.2,0.0,0.6,1.8561107881776546,100.19862068965519,1.6005774334423832,growing,digital
RID-001361,30.0,97354.41,59.9,32.1,8,2036.12,1264.09,1,0,4,7,agent,south,plus,5529.04,32.1,8,2036.12,254.515,0.14285714285714285,0.0,0.5714285714285714,1.6107397416323206,33.99198664440735,1.393898201647116,mature,assisted
RID-001246,44.0,57972.22,39.1,27.3,10,2084.37,1093.5,0,0,3,4,agent,east,premium,4891.39,27.3,10,2084.37,208.43699999999998,0.0,0.0,0.75,1.906145404663923,53.30869565217391,3.2514598565123403,mature,assisted
RID-000032,39.0,90670.81,29.3,85.7,6,970.98,500.81,0,1,2,5,agent,north,basic,4012.67,85.7,6,970.98,161.83,0.0,0.16666666666666666,0.4,1.9388191130368804,33.13924914675768,-2.8592105272453128,growing,assisted
RID-001011,36.0,58268.8,36.9,82.3,9,1564.11,1211.58,1,2,3,5,branch,north,plus,3893.93,82.3,9,1564.11,173.79,0.2,0.2222222222222222,0.6,1.290967166839994,42.387804878048776,-0.8967160070826392,mature,in_person
RID-001775,52.0,68469.17,40.1,65.7,6,1515.24,848.07,2,0,3,6,agent,east,plus,4025.21,65.7,6,1515.24,252.54,0.3333333333333333,0.0,0.5,1.7866921362623367,37.786533665835414,-0.7011539708166439,mature,assisted
RID-000215,46.0,87977.54,39.6,50.0,9,1244.94,646.55,0,0,3,4,agent,east,basic,4154.16,50.0,9,1244.94,138.32666666666668,0.0,0.0,0.75,1.9255123346995595,31.437878787878788,2.2292051676813465,mature,assisted
RID-000670,56.0,131194.97,34.3,102.5,9,1947.23,1358.57,0,0,4,5,online,west,basic,6043.47,102.5,9,1947.23,216.35888888888888,0.0,0.0,0.8,1.4332938310134922,56.770553935860065,1.0158823887628692,growing,digital
RID-000327,42.0,67524.29,36.0,87.2,13,1913.27,1442.4,2,1,4,5,online,north,plus,4692.55,87.2,13,1913.27,147.17461538461538,0.4,0.07692307692307693,0.8,1.3264489739323349,53.146388888888886,2.4862511016123645,growing,digital
RID-000561,45.0,22285.16,26.8,56.9,10,1602.66,1156.9,0,1,2,5,online,east,basic,3657.0,56.9,10,1602.66,160.26600000000002,0.0,0.1,0.4,1.385305557956608,59.80074626865672,-0.09758367375868031,growing,digital
RID-001050,24.0,81255.32,16.7,16.6,14,3101.75,2232.55,0,1,2,4,branch,west,basic,5795.24,16.6,14,3101.75,221.55357142857142,0.0,0.07142857142857142,0.5,1.389330586101095,185.73353293413174,3.2842010099702277,growing,in_person
RID-001236,61.0,52932.38,45.3,46.0,7,1247.92,751.42,0,0,4,5,agent,east,premium,4248.27,46.0,7,1247.92,178.27428571428572,0.0,0.0,0.8,1.6607489819275507,27.547902869757177,1.8475666983749182,mature,assisted
RID-001352,46.0,122395.88,13.1,40.6,10,2208.2,1518.11,0,0,2,4,agent,east,premium,5972.49,40.6,10,2208.2,220.82,0.0,0.0,0.5,1.4545718030972723,168.5648854961832,1.5334396102786343,growing,assisted
RID-000342,64.0,71109.4,43.7,66.5,4,1010.48,870.37,1,0,3,6,agent,south,basic,3643.44,66.5,4,1010.48,252.62,0.16666666666666666,0.0,0.5,1.160977515309581,23.123112128146452,-1.486799379367522,mature,assisted
RID-000148,31.0,61934.26,33.8,15.0,8,1028.01,824.6,1,2,2,5,branch,east,basic,3467.43,15.0,8,1028.01,128.50125,0.2,0.25,0.4,1.2466771768130003,30.41449704142012,-0.6288401778382142,growing,in_person
RID-000361,48.0,119589.9,43.0,141.6,8,1317.19,1095.42,3,0,2,5,agent,north,premium,4720.55,141.6,8,1317.19,164.64875,0.6,0.0,0.4,1.2024520275328183,30.63232558139535,-2.617463524327655,mature,assisted
RID-000084,45.0,37704.15,34.3,117.1,4,613.56,411.61,1,2,3,4,online,north,plus,2381.99,117.1,4,613.56,153.39,0.25,0.5,0.75,1.4906343383299723,17.888046647230322,-4.741885906637728,growing,digital
RID-000049,44.0,58668.39,27.0,87.1,7,1462.39,1042.76,1,1,3,6,online,east,premium,3650.35,87.1,7,1462.39,208.91285714285715,0.16666666666666666,0.14285714285714285,0.5,1.402422417430665,54.162592592592596,-1.8292183601687015,growing,digital
RID-000469,40.0,58681.79,20.2,23.4,10,2212.44,1815.7,0,0,2,3,online,east,premium,4752.25,23.4,10,2212.44,221.244,0.0,0.0,0.6666666666666666,1.2185052596794625,109.52673267326733,2.9140001871980985,growing,digital
RID-000156,39.0,87960.15,31.8,35.8,7,1128.96,844.07,0,0,3,4,online,east,plus,4717.62,35.8,7,1128.96,161.28,0.0,0.0,0.75,1.3375194000497588,35.50188679245283,1.8669445021050568,growing,digital
RID-001676,46.0,79979.68,21.2,38.7,5,417.04,261.7,0,0,0,2,agent,west,plus,2949.57,38.7,5,417.04,83.408,0.0,0.0,0.0,1.5935804356132979,19.671698113207547,-3.005832092850978,growing,assisted
RID-001317,43.0,77240.41,38.6,73.7,7,1134.48,946.42,0,1,3,5,online,west,plus,3613.79,73.7,7,1134.48,162.06857142857143,0.0,0.14285714285714285,0.6,1.1987067052682743,29.390673575129533,-0.9139470134595746,mature,digital
RID-001092,28.0,80339.77,39.1,12.8,8,2226.19,1781.66,0,0,3,5,online,east,plus,4716.96,12.8,8,2226.19,278.27375,0.0,0.0,0.6,1.2495032722292694,56.935805626598466,2.0920954213177994,mature,digital
RID-001471,38.0,64904.28,39.6,32.0,8,355.21,291.11,0,1,4,5,online,east,basic,3808.03,32.0,8,355.21,44.40125,0.0,0.125,0.8,1.2201916801209163,8.969949494949494,1.8318862941726084,mature,digital
RID-000501,51.0,83587.19,32.0,62.5,6,1184.44,785.46,1,3,4,7,online,north,plus,4277.15,62.5,6,1184.44,197.40666666666667,0.14285714285714285,0.5,0.5714285714285714,1.5079571206681435,37.01375,-3.3967142014724505,growing,digital
RID-000180,39.0,94320.43,35.5,93.9,5,901.03,560.54,0,0,3,4,branch,north,plus,4340.43,93.9,5,901.03,180.206,0.0,0.0,0.75,1.60743211902808,25.38112676056338,-0.5360306246087485,growing,in_person
RID-001481,47.0,80929.93,29.2,36.5,9,1721.66,1084.6,1,0,2,4,online,east,plus,4402.5,36.5,9,1721.66,191.29555555555555,0.25,0.0,0.5,1.587368615157662,58.960958904109596,1.2676323288955715,growing,digital
RID-001600,45.0,109696.55,29.7,60.4,8,1226.03,697.97,1,0,3,4,online,south,basic,4705.22,60.4,8,1226.03,153.25375,0.25,0.0,0.75,1.756565468429875,41.28047138047138,1.5541259680895154,growing,digital
RID-000808,34.0,106379.91,41.9,70.2,11,2477.4,2070.54,2,0,4,6,online,west,plus,5824.22,70.2,11,2477.4,225.21818181818182,0.3333333333333333,0.0,0.6666666666666666,1.196499463907966,59.12649164677805,1.9745722335801663,mature,digital
RID-000529,53.0,70439.24,25.8,51.9,9,857.13,673.22,0,0,3,6,agent,north,plus,3998.13,51.9,9,857.13,95.23666666666666,0.0,0.0,0.5,1.2731796440985115,33.222093023255816,0.8329573261083276,growing,assisted
RID-000347,32.0,80594.72,36.6,82.9,7,833.3,453.75,0,0,2,5,agent,north,enterprise,3843.99,82.9,7,833.3,119.04285714285713,0.0,0.0,0.4,1.8364738292011018,22.76775956284153,-1.342150341283217,mature,assisted
RID-001248,46.0,81686.37,50.9,19.2,10,2121.7,1644.95,0,1,4,5,branch,north,basic,5849.62,19.2,10,2121.7,212.17,0.0,0.1,0.8,1.2898264384935711,41.68369351669941,3.1147138855247656,mature,in_person
RID-001761,29.0,91153.48,27.0,13.5,5,1100.69,624.34,0,1,1,3,branch,east,premium,3592.27,13.5,5,1100.69,220.138,0.0,0.2,0.3333333333333333,1.7629656917705097,40.7662962962963,-1.772182022075997,growing,in_person
RID-001282,42.0,95859.61,28.5,67.8,3,324.73,202.9,0,2,3,6,agent,east,basic,2648.91,67.8,3,324.73,108.24333333333334,0.0,0.6666666666666666,0.5,1.6004435682602267,11.394035087719299,-6.131008859464327,growing,assisted
RID-000922,41.0,110393.58,45.8,45.4,10,1972.7,1308.35,1,1,5,8,agent,north,premium,5846.33,45.4,10,1972.7,197.27,0.125,0.1,0.625,1.5077769709940003,43.07205240174673,1.435368492571785,mature,assisted
RID-001384,41.0,51672.32,20.2,68.8,10,2460.02,1456.91,2,0,2,5,online,north,premium,3816.15,68.8,10,2460.02,246.002,0.4,0.0,0.4,1.688518851541962,121.78316831683169,0.20042865050124664,growing,digital
RID-000602,35.0,80570.98,44.1,148.7,9,1415.51,736.39,1,1,5,8,agent,east,plus,3901.94,148.7,9,1415.51,157.2788888888889,0.125,0.1111111111111111,0.625,1.922228710330124,32.09773242630386,-1.9323066100300441,mature,assisted
RID-000890,34.0,62101.38,37.7,44.5,8,1900.76,1608.07,1,0,4,6,branch,east,premium,4457.07,44.5,8,1900.76,237.595,0.16666666666666666,0.0,0.6666666666666666,1.1820132208175018,50.41803713527851,1.5553740931549438,mature,in_person
RID-000244,44.0,76378.85,37.1,35.1,6,1198.98,725.22,0,0,3,5,agent,west,plus,3991.54,35.1,6,1198.98,199.83,0.0,0.0,0.6,1.6532638371804418,32.31752021563342,0.6995985478366779,mature,assisted
RID-000737,55.0,60901.92,40.2,42.3,7,1069.69,811.63,3,1,2,5,branch,north,basic,3389.97,42.3,7,1069.69,152.81285714285715,0.6,0.14285714285714285,0.4,1.3179527617264024,26.6092039800995,-1.1017569041364266,mature,in_person
RID-001329,42.0,46530.11,13.3,89.7,6,869.93,626.84,2,1,0,2,partner,west,premium,3079.96,89.7,6,869.93,144.98833333333332,1.0,0.16666666666666666,0.0,1.3878023099993617,65.40827067669173,-5.120303697312517,growing,assisted
RID-000313,28.0,40557.37,30.5,50.5,6,727.42,515.39,0,4,2,4,branch,east,plus,2410.99,50.5,6,727.42,121.23666666666666,0.0,0.6666666666666666,0.5,1.4113971943576709,23.84983606557377,-4.498107789178618,growing,in_person
RID-000436,50.0,65748.49,17.9,63.5,12,1898.84,1401.16,0,1,0,3,partner,south,premium,4285.62,63.5,12,1898.84,158.23666666666665,0.0,0.08333333333333333,0.0,1.3551914128293698,106.08044692737431,-1.5633490514015074,growing,assisted
RID-001705,55.0,84979.2,29.2,43.0,6,969.28,571.37,1,0,2,3,branch,south,basic,4641.22,43.0,6,969.28,161.54666666666665,0.3333333333333333,0.0,0.6666666666666666,1.6964138824229482,33.1945205479452,0.8346476785268359,growing,in_person
RID-001288,42.0,108487.34,57.2,154.7,2,382.2,309.67,1,0,5,6,online,north,plus,4712.0,154.7,2,382.2,191.1,0.16666666666666666,0.0,0.8333333333333334,1.2342170697839634,6.681818181818182,-2.9492077470331277,mature,digital
RID-000309,43.0,86481.93,31.2,32.1,8,786.95,627.36,1,0,4,6,agent,south,plus,3387.2,32.1,8,786.95,98.36875,0.16666666666666666,0.0,0.6666666666666666,1.2543834480999745,25.222756410256412,1.9053721473472702,growing,assisted
RID-000431,54.0,81117.28,35.3,112.6,6,1164.96,995.21,2,0,2,4,online,east,premium,3917.61,112.6,6,1164.96,194.16,0.5,0.0,0.5,1.170567016006672,33.00169971671389,-2.024936933850523,growing,digital
RID-000371,29.0,43115.76,33.9,34.3,1,60.0,43.12,0,0,3,5,agent,north,basic,1586.78,34.3,1,60.0,60.0,0.0,0.0,0.6,1.391465677179963,1.7699115044247788,-1.185483154851928,growing,assisted
RID-000567,38.0,93233.53,43.5,29.3,3,205.0,123.28,1,0,3,5,agent,west,basic,3741.0,29.3,3,205.0,68.33333333333333,0.2,0.0,0.6,1.6628812459441922,4.712643678160919,-0.28129001826816513,mature,assisted
RID-001749,26.0,73263.57,52.4,18.0,6,1012.51,743.12,2,0,4,7,agent,east,plus,4122.23,18.0,6,1012.51,168.75166666666667,0.2857142857142857,0.0,0.5714285714285714,1.3625121110991496,19.32270992366412,1.0288149711176622,mature,assisted
RID-000182,63.0,72518.74,28.9,65.7,6,980.31,539.39,2,0,3,6,agent,north,basic,3535.78,65.7,6,980.31,163.385,0.3333333333333333,0.0,0.5,1.8174419251376555,33.92076124567474,-0.7011539708166439,growing,assisted
RID-001730,41.0,93091.83,2.7,52.2,5,1122.54,700.38,1,0,0,2,branch,west,premium,3290.39,52.2,5,1122.54,224.50799999999998,0.5,0.0,0.0,1.6027585025271995,415.75555555555553,-3.3868783615281073,new,in_person
RID-000622,30.0,93564.69,40.4,32.3,11,2277.78,1503.82,0,0,5,6,branch,east,basic,5863.56,32.3,11,2277.78,207.0709090909091,0.0,0.0,0.8333333333333334,1.5146626590948387,56.380693069306936,3.939403755804563,mature,in_person
RID-000675,37.0,65670.38,13.0,57.0,6,662.69,495.1,0,2,1,4,partner,east,premium,3480.87,57.0,6,662.69,110.44833333333334,0.0,0.3333333333333333,0.25,1.3384972732781257,50.97615384615385,-3.9112017729757325,growing,assisted
RID-001126,50.0,91779.23,36.5,18.8,11,2000.5,1290.03,0,0,3,5,online,north,enterprise,5116.67,18.8,11,2000.5,181.86363636363637,0.0,0.0,0.6,1.5507391300977498,54.80821917808219,3.0673388575163143,mature,digital
RID-000782,64.0,92565.66,31.9,48.4,5,927.94,682.23,1,1,2,3,partner,west,basic,4146.25,48.4,5,927.94,185.58800000000002,0.3333333333333333,0.2,0.6666666666666666,1.3601571317590841,29.08902821316615,-0.9670983807796663,growing,assisted
RID-001656,35.0,82340.46,15.8,47.7,4,640.6,399.85,0,0,1,4,online,north,plus,2676.22,47.7,4,640.6,160.15,0.0,0.0,0.25,1.6021007877954232,40.54430379746835,-2.29877627563561,growing,digital
RID-000297,28.0,74440.99,39.0,64.1,9,1787.22,1419.79,0,0,3,4,branch,west,plus,4655.5,64.1,9,1787.22,198.58,0.0,0.0,0.75,1.2587917931525086,45.826153846153844,1.831223509285234,mature,in_person
RID-000745,49.0,96813.11,61.8,103.7,6,1291.68,785.57,1,0,6,8,online,south,enterprise,4437.73,103.7,6,1291.68,215.28,0.125,0.0,0.75,1.6442583092531537,20.90097087378641,-0.43110954555602954,mature,digital
RID-000462,46.0,50786.58,20.9,22.4,6,1353.22,1050.06,0,0,3,4,partner,west,plus,3841.35,22.4,6,1353.22,225.53666666666666,0.0,0.0,0.75,1.288707311963126,64.74736842105264,1.8636357613662389,growing,assisted
RID-001174,50.0,97485.41,32.5,37.3,7,476.21,327.31,0,0,3,5,agent,north,plus,3886.6,37.3,7,476.21,68.03,0.0,0.0,0.6,1.4549204118419845,14.652615384615384,1.0190345633298552,growing,assisted
RID-000977,51.0,101134.18,32.8,169.8,8,1328.06,680.82,0,0,3,4,online,north,basic,4230.36,169.8,8,1328.06,166.0075,0.0,0.0,0.75,1.9506771246438117,40.489634146341466,-1.533760090671815,growing,digital
RID-000378,62.0,74511.94,25.1,20.5,7,670.73,392.8,0,0,2,4,branch,east,basic,3702.54,20.5,7,670.73,95.81857142857143,0.0,0.0,0.5,1.707561099796334,26.72231075697211,0.956177832476232,growing,in_person
RID-001284,51.0,69113.98,44.1,55.1,5,1197.9,1035.51,2,0,4,7,branch,north,enterprise,4368.54,55.1,5,1197.9,239.58,0.2857142857142857,0.0,0.5714285714285714,1.156821276472463,27.16326530612245,-0.39988907096893633,mature,in_person
RID-000106,48.0,65171.6,27.3,30.3,8,2202.44,1555.69,0,0,1,4,branch,east,premium,5235.36,30.3,8,2202.44,275.305,0.0,0.0,0.25,1.4157319260263934,80.67545787545788,-0.2815201959339535,growing,in_person
RID-000127,45.0,88707.85,6.2,31.6,6,926.6,818.5,0,1,0,1,online,west,basic,3401.98,31.6,6,926.6,154.43333333333334,0.0,0.16666666666666666,0.0,1.1320708613317043,149.4516129032258,-3.4803934595242785,new,digital
RID-001024,40.0,101308.83,21.1,96.6,8,896.06,768.81,1,0,2,5,branch,north,plus,3811.23,96.6,8,896.06,112.0075,0.2,0.0,0.4,1.1655155369987382,42.46729857819905,-1.3473092954038903,growing,in_person
RID-000793,24.0,50559.74,33.2,37.9,7,703.89,353.8,0,0,4,7,online,north,basic,4234.84,37.9,7,703.89,100.55571428571429,0.0,0.0,0.5714285714285714,1.9895138496325606,21.201506024096382,0.8486569899008252,growing,digital
RID-000356,54.0,77044.15,40.2,48.4,8,1257.49,1056.37,0,1,5,6,branch,north,premium,3934.33,48.4,8,1257.49,157.18625,0.0,0.125,0.8333333333333334,1.1903878375947823,31.280845771144275,1.5480015228487791,mature,in_person
RID-001459,31.0,74039.1,21.6,82.9,9,1845.61,1271.61,1,1,1,2,partner,north,enterprise,3547.59,82.9,9,1845.61,205.06777777777776,0.5,0.1111111111111111,0.5,1.4513962614323574,85.4449074074074,-0.7463684245796365,growing,assisted
RID-001210,41.0,72704.54,34.9,10.6,9,2310.7,1395.41,2,0,3,4,online,west,basic,4630.37,10.6,9,2310.7,256.7444444444444,0.5,0.0,0.75,1.6559290817752486,66.20916905444126,3.3412957592279318,growing,digital
RID-000932,34.0,52325.37,27.1,21.2,7,1476.16,1232.57,0,0,2,4,partner,west,basic,3820.14,21.2,7,1476.16,210.88000000000002,0.0,0.0,0.5,1.1976277209407986,54.47084870848708,0.9364198778040846,growing,assisted
RID-000210,48.0,90599.18,21.8,36.3,3,784.54,420.77,1,1,1,2,online,east,basic,3431.98,36.3,3,784.54,261.5133333333333,0.5,0.3333333333333333,0.5,1.8645340684934761,35.98807339449541,-3.128909053596246,growing,digital
RID-000731,43.0,113819.35,19.1,31.5,4,519.6,442.91,0,0,2,4,agent,east,premium,3809.99,31.5,4,519.6,129.9,0.0,0.0,0.5,1.1731503014156375,27.20418848167539,-0.4989016457601496,growing,assisted
RID-000141,51.0,80971.06,51.4,13.6,11,1415.38,855.4,0,1,5,7,online,south,enterprise,5086.79,13.6,11,1415.38,128.6709090909091,0.0,0.09090909090909091,0.7142857142857143,1.654641103577274,27.536575875486385,3.2516104665697205,mature,digital
RID-001293,47.0,54608.85,58.3,93.0,10,1192.08,881.19,0,1,4,5,agent,west,premium,3969.29,93.0,10,1192.08,119.208,0.0,0.1,0.8,1.3528069996255063,20.447341337907375,1.031660950089792,mature,assisted
RID-001203,37.0,65383.42,28.6,115.1,4,739.59,499.32,1,0,2,3,agent,west,basic,3285.24,115.1,4,739.59,184.8975,0.3333333333333333,0.0,0.6666666666666666,1.4811944244172075,25.85979020979021,-1.9634865416299183,growing,assisted
RID-000911,33.0,59327.51,35.3,27.3,6,199.35,178.27,0,0,3,4,online,south,plus,3921.23,27.3,6,199.35,33.225,0.0,0.0,0.75,1.118247601952095,5.647308781869689,1.7253300786612067,growing,digital
RID-001420,25.0,55820.0,58.9,13.0,9,1112.32,592.13,1,0,5,8,branch,north,basic,4597.98,13.0,9,1112.32,123.5911111111111,0.125,0.0,0.625,1.8785064090655768,18.884889643463495,2.6022446466205453,mature,in_person
RID-001558,57.0,77782.52,19.9,60.6,8,1844.59,1547.55,0,0,2,3,partner,south,basic,4307.62,60.6,8,1844.59,230.57375,0.0,0.0,0.6666666666666666,1.1919421020322445,92.69296482412061,1.1009411356955525,growing,assisted
RID-000862,47.0,48720.22,70.8,20.0,7,970.76,636.32,0,0,6,7,online,south,plus,4613.51,20.0,7,970.76,138.68,0.0,0.0,0.8571428571428571,1.5255846115162182,13.711299435028248,2.8883179536176296,mature,digital
RID-001143,30.0,75139.78,40.5,29.7,5,843.0,426.8,2,2,4,6,online,west,premium,3215.85,29.7,5,843.0,168.6,0.3333333333333333,0.4,0.6666666666666666,1.9751640112464854,20.814814814814813,-1.70707384191088,mature,digital
RID-000712,25.0,57013.37,44.9,81.2,6,1251.09,809.74,0,2,4,6,partner,west,basic,3718.41,81.2,6,1251.09,208.515,0.0,0.3333333333333333,0.6666666666666666,1.5450514980117074,27.86391982182628,-2.356563979203227,mature,assisted
RID-000707,30.0,104654.69,62.9,21.5,7,1738.0,1442.75,2,1,6,9,agent,south,premium,5216.48,21.5,7,1738.0,248.28571428571428,0.2222222222222222,0.14285714285714285,0.6666666666666666,1.2046439092011783,27.631160572337045,0.9174636540821004,mature,assisted
RID-000011,39.0,71999.81,42.9,57.7,7,1303.64,1150.8,0,0,4,5,agent,east,plus,4965.79,57.7,7,1303.64,186.23428571428573,0.0,0.0,0.8,1.1328119568995483,30.38787878787879,1.5173265988547393,mature,assisted
RID-001603,43.0,82458.84,35.4,60.4,10,2461.32,1815.14,0,0,2,5,branch,north,plus,5027.6,60.4,10,2461.32,246.132,0.0,0.0,0.4,1.3559945789305508,69.52881355932205,0.437524106567016,growing,in_person
RID-001326,46.0,68774.0,61.3,32.8,5,1100.68,719.65,1,0,4,6,online,east,plus,4325.3,32.8,5,1100.68,220.13600000000002,0.16666666666666666,0.0,0.6666666666666666,1.5294657124991318,17.955628058727573,0.7410168592867725,mature,digital
RID-000283,40.0,87062.34,32.2,16.3,4,1027.35,578.8,0,0,2,3,branch,north,premium,3664.69,16.3,4,1027.35,256.8375,0.0,0.0,0.6666666666666666,1.7749654457498272,31.905279503105586,0.825207632096036,growing,in_person
RID-000292,20.0,83677.41,58.0,31.4,8,601.01,346.43,0,0,6,9,online,north,basic,3979.52,31.4,8,601.01,75.12625,0.0,0.0,0.6666666666666666,1.7348670727131021,10.362241379310344,1.9251301020194176,mature,digital
RID-000627,47.0,65573.6,48.7,91.5,6,1153.49,777.18,0,1,5,7,agent,east,basic,3275.09,91.5,6,1153.49,192.24833333333333,0.0,0.16666666666666666,0.7142857142857143,1.4841992845930159,23.685626283367554,-1.3350552737183112,mature,assisted
RID-001223,39.0,80053.85,39.2,76.3,5,593.18,391.95,3,0,4,6,online,north,plus,3767.4,76.3,5,593.18,118.636,0.5,0.0,0.6666666666666666,1.5134073223625462,15.132142857142854,-0.48679889533953347,mature,digital
RID-001076,52.0,86732.54,22.7,45.4,4,462.09,275.38,1,0,2,5,online,west,plus,3141.46,45.4,4,462.09,115.5225,0.2,0.0,0.4,1.678008569976033,20.356387665198238,-1.4282858172350967,growing,digital
RID-000130,38.0,95698.66,46.6,111.5,10,1225.32,881.58,0,0,4,7,agent,south,basic,4316.79,111.5,10,1225.32,122.532,0.0,0.0,0.5714285714285714,1.3899135642823113,26.294420600858366,-0.08415348223947072,mature,assisted
RID-001194,34.0,77537.91,48.9,97.2,6,1229.15,967.65,1,0,4,7,online,north,enterprise,4373.99,97.2,6,1229.15,204.85833333333335,0.14285714285714285,0.0,0.5714285714285714,1.2702423396889373,25.135991820040903,-1.2066564717881638,mature,digital
RID-000324,46.0,53439.23,31.6,37.8,4,896.62,801.92,3,0,2,5,partner,west,basic,3454.3,37.8,4,896.62,224.155,0.6,0.0,0.4,1.118091580207502,28.37405063291139,-1.2137708807946386,growing,assisted
RID-000951,43.0,64267.97,30.0,83.7,4,1080.92,787.7,0,0,3,5,agent,west,enterprise,3721.79,83.7,4,1080.92,270.23,0.0,0.0,0.6,1.3722483178875207,36.03066666666667,-1.4352329083265551,growing,assisted
RID-000695,40.0,76834.32,30.7,12.6,9,1356.83,1056.89,0,0,4,5,branch,east,premium,5084.29,12.6,9,1356.83,150.7588888888889,0.0,0.0,0.8,1.2837949077008959,44.19641693811075,3.5533682816572347,growing,in_person
RID-001504,44.0,34391.27,61.0,72.0,9,1624.11,1395.88,1,1,4,5,online,west,plus,4026.74,72.0,9,1624.11,180.45666666666665,0.2,0.1111111111111111,0.8,1.1635025933461327,26.624754098360654,1.1724340842707173,mature,digital
RID-001678,36.0,89148.9,47.8,41.3,6,925.58,765.14,1,2,2,5,agent,south,premium,3698.33,41.3,6,925.58,154.26333333333335,0.2,0.3333333333333333,0.4,1.2096871160833311,19.363598326359835,-2.6624876108512536,mature,assisted
RID-000713,41.0,78150.17,33.3,56.5,8,2486.86,2073.39,3,0,3,6,branch,west,basic,4991.89,56.5,8,2486.86,310.8575,0.5,0.0,0.5,1.1994173792677694,74.6804804804805,0.32158689380000377,growing,in_person
RID-001695,62.0,50711.33,21.9,57.1,6,196.0,109.87,0,0,2,3,agent,south,plus,3116.42,57.1,6,196.0,32.666666666666664,0.0,0.0,0.6666666666666666,1.783926458541913,8.949771689497718,0.43666602013072287,growing,assisted
RID-000988,42.0,77308.54,36.3,32.5,6,1712.71,1288.85,0,0,4,7,agent,east,premium,5236.92,32.5,6,1712.71,285.45166666666665,0.0,0.0,0.5714285714285714,1.3288668192574777,47.18209366391185,0.6195430529088934,mature,assisted
RID-001458,44.0,112107.43,58.1,71.2,8,1375.37,1067.23,0,0,6,8,agent,west,basic,5792.56,71.2,8,1375.37,171.92125,0.0,0.0,0.75,1.2887287651209205,23.67246127366609,1.2492889531478117,mature,assisted
RID-001476,41.0,99269.43,43.4,19.0,10,1493.08,1126.36,0,0,4,7,online,north,enterprise,5065.96,19.0,10,1493.08,149.308,0.0,0.0,0.5714285714285714,1.3255797435988494,34.40276497695852,2.5267190994371567,mature,digital
RID-000159,34.0,96697.51,59.2,97.5,5,570.66,351.78,2,0,5,6,branch,east,basic,3732.71,97.5,5,570.66,114.13199999999999,0.3333333333333333,0.0,0.8333333333333334,1.6222070612314514,9.639527027027025,-0.1901032604350148,mature,in_person
RID-000810,58.0,112581.39,41.7,45.0,6,1330.04,999.8,1,0,4,5,agent,north,basic,5415.08,45.0,6,1330.04,221.67333333333332,0.2,0.0,0.8,1.3303060612122424,31.89544364508393,1.4942599034437738,mature,assisted
RID-000635,33.0,81039.48,22.5,153.4,7,915.81,570.12,0,0,1,2,online,west,plus,3709.26,153.4,7,915.81,130.82999999999998,0.0,0.0,0.5,1.6063460324142285,40.702666666666666,-2.79501099027862,growing,digital
RID-000517,49.0,18000.0,62.1,202.7,5,700.6,483.96,0,1,6,9,online,west,plus,1762.15,202.7,5,700.6,140.12,0.0,0.2,0.6666666666666666,1.4476403008513101,11.281803542673108,-5.3223161035115965,mature,digital
RID-001285,42.0,64151.68,55.6,41.2,5,663.65,417.53,1,0,6,7,partner,east,premium,3424.07,41.2,5,663.65,132.73,0.14285714285714285,0.0,0.8571428571428571,1.5894666251526837,11.93615107913669,1.5268692946213112,mature,assisted
RID-000598,42.0,92048.24,31.7,35.6,6,1211.92,1031.39,1,0,2,4,agent,west,plus,4446.14,35.6,6,1211.92,201.98666666666668,0.25,0.0,0.5,1.1750356315263866,38.23091482649843,0.14843808008569648,growing,assisted
RID-000196,47.0,76631.52,46.9,21.4,13,1482.09,1139.78,0,0,4,7,online,west,plus,4796.43,21.4,13,1482.09,114.00692307692307,0.0,0.0,0.5714285714285714,1.3003298882240433,31.601066098081024,3.6035748739495728,mature,digital
RID-001787,32.0,78871.99,21.1,95.7,4,660.27,453.17,1,0,2,4,online,west,plus,2883.52,95.7,4,660.27,165.0675,0.25,0.0,0.5,1.4570028907474015,31.29241706161137,-2.3109883456913876,growing,digital
RID-001685,35.0,73390.94,31.4,86.6,6,691.19,598.81,1,1,3,5,agent,west,basic,2960.4,86.6,6,691.19,115.19833333333334,0.2,0.16666666666666666,0.6,1.1542726407374628,22.012420382165608,-1.810518325853464,growing,assisted
RID-000411,30.0,69403.0,54.9,86.4,3,783.07,631.93,2,0,4,7,branch,east,enterprise,3652.1,86.4,3,783.07,261.02333333333337,0.2857142857142857,0.0,0.5714285714285714,1.239172060196541,14.263570127504556,-2.0464167902348107,mature,in_person
RID-000097,65.0,89892.27,17.9,29.3,8,2002.19,1232.58,0,0,1,2,agent,north,plus,4614.77,29.3,8,2002.19,250.27375,0.0,0.0,0.5,1.624389491959954,111.85418994413409,1.0893245610605904,growing,assisted
RID-000821,26.0,98116.8,34.7,115.6,5,773.47,439.25,1,2,4,7,online,south,plus,3194.87,115.6,5,773.47,154.69400000000002,0.14285714285714285,0.4,0.5714285714285714,1.760887877063176,22.290201729106627,-4.643131082378843,growing,digital
RID-000779,25.0,87595.96,55.5,21.4,7,1341.21,768.49,1,0,4,5,agent,west,premium,4311.32,21.4,7,1341.21,191.60142857142858,0.2,0.0,0.8,1.7452536792931594,24.165945945945946,2.541917676853243,mature,assisted
RID-000157,23.0,93027.17,16.7,45.7,6,60.0,44.98,1,0,0,2,online,north,plus,2494.73,45.7,6,60.0,10.0,0.5,0.0,0.0,1.333926189417519,3.5928143712574854,-2.821879195109669,growing,digital
RID-000420,42.0,96008.14,26.9,54.8,7,1756.92,1015.97,1,0,4,5,agent,north,enterprise,5658.78,54.8,7,1756.92,250.98857142857145,0.2,0.0,0.8,1.7293030306012973,65.31301115241637,1.599180982496493,growing,assisted
RID-001679,31.0,47450.96,29.7,23.6,6,1186.63,809.13,0,0,2,3,partner,north,enterprise,3601.59,23.6,6,1186.63,197.77166666666668,0.0,0.0,0.6666666666666666,1.466550492504295,39.95387205387206,1.3822252794406364,growing,assisted
RID-000478,48.0,94035.56,10.3,105.3,7,1577.92,1213.59,0,0,2,5,online,east,basic,3787.48,105.3,7,1577.92,225.41714285714286,0.0,0.0,0.4,1.3002084723835894,153.19611650485436,-1.9744048907919352,new,digital
RID-001763,43.0,79257.76,61.2,31.6,5,541.19,382.86,1,1,4,5,agent,east,basic,4185.64,31.6,5,541.19,108.23800000000001,0.2,0.2,0.8,1.4135454213028262,8.84297385620915,0.22315605533208893,mature,assisted
RID-000669,22.0,63285.07,57.5,35.5,11,2228.23,1983.6,0,0,4,7,agent,east,plus,5480.87,35.5,11,2228.23,202.56636363636363,0.0,0.0,0.5714285714285714,1.1233262754587618,38.75182608695652,2.442528326627893,mature,assisted
RID-000874,33.0,33193.89,40.4,48.2,12,2431.05,1662.94,1,0,3,4,branch,north,premium,5200.23,48.2,12,2431.05,202.5875,0.25,0.0,0.75,1.4618988057296114,60.174504950495056,3.4246086702266476,mature,in_person
RID-001590,59.0,68469.81,45.6,81.0,5,927.63,542.34,3,0,4,5,online,south,premium,4553.73,81.0,5,927.63,185.526,0.6,0.0,0.8,1.71042150680385,20.342763157894737,0.09660407584197861,mature,digital
RID-001524,45.0,64307.42,15.7,132.6,8,1282.72,817.37,0,0,2,3,online,west,plus,3902.71,132.6,8,1282.72,160.34,0.0,0.0,0.6666666666666666,1.5693260090289587,81.70191082802549,-0.9313056305824707,growing,digital
RID-000448,27.0,47575.51,32.8,29.5,7,1403.03,1087.81,1,0,1,3,online,south,enterprise,4047.99,29.5,7,1403.03,200.43285714285713,0.3333333333333333,0.0,0.3333333333333333,1.2897748687730395,42.775304878048786,-0.1929324182837907,growing,digital
RID-001115,35.0,53682.6,33.5,51.4,11,1869.36,1617.42,1,1,3,6,agent,west,basic,3589.01,51.4,11,1869.36,169.94181818181818,0.16666666666666666,0.09090909090909091,0.5,1.1557665912378974,55.80179104477612,1.0338645364484111,growing,assisted
RID-000179,25.0,76962.19,40.1,31.3,11,3325.87,2482.85,3,0,5,8,online,west,basic,6780.85,31.3,11,3325.87,302.35181818181815,0.375,0.0,0.625,1.339537225366011,82.93940149625935,2.8487801491171147,mature,digital
RID-000391,36.0,60654.95,30.6,58.5,5,540.35,412.62,1,0,3,4,online,north,basic,3852.2,58.5,5,540.35,108.07000000000001,0.25,0.0,0.75,1.3095584314865978,17.658496732026144,0.4631573688112798,growing,digital
RID-000579,44.0,116674.92,53.8,15.7,5,413.32,324.85,0,2,4,5,online,south,plus,4255.65,15.7,5,413.32,82.664,0.0,0.4,0.8,1.2723410804986917,7.682527881040892,-0.5958512244877148,mature,digital
RID-001303,38.0,73236.98,28.6,22.0,8,139.28,89.43,1,0,4,6,agent,east,basic,3621.08,22.0,8,139.28,17.41,0.16666666666666666,0.0,0.6666666666666666,1.5574192105557418,4.86993006993007,2.1904512076168263,growing,assisted
RID-001542,52.0,72857.69,57.0,225.0,8,1370.89,925.29,1,0,4,6,partner,west,basic,3522.15,225.0,8,1370.89,171.36125,0.16666666666666666,0.0,0.6666666666666666,1.481578748284322,24.050701754385965,-3.5393556473059347,mature,assisted
RID-001316,44.0,96224.57,44.7,114.0,6,326.19,203.51,1,1,3,5,partner,west,premium,3278.76,114.0,6,326.19,54.365,0.2,0.16666666666666666,0.6,1.6028205002211193,7.29731543624161,-2.5839011230203788,mature,assisted
RID-001484,36.0,69719.64,27.9,24.4,5,671.96,583.8,0,0,4,5,online,north,plus,4031.52,24.4,5,671.96,134.392,0.0,0.0,0.8,1.1510106200753685,24.084587813620075,1.6941758393327584,growing,digital
RID-001630,47.0,67028.32,40.6,56.3,9,1675.75,1154.8,0,0,4,6,agent,south,premium,4475.69,56.3,9,1675.75,186.19444444444446,0.0,0.0,0.6666666666666666,1.451117076550052,41.27463054187192,1.6038438731443847,mature,assisted
RID-001549,46.0,71702.17,48.6,23.9,4,60.0,40.66,0,0,3,4,branch,north,plus,3800.7,23.9,4,60.0,15.0,0.0,0.0,0.75,1.4756517461878997,1.2345679012345678,1.0582323981432133,mature,in_person
RID-000807,24.0,53864.85,53.3,7.9,7,1033.39,737.08,1,0,5,6,partner,south,enterprise,4046.68,7.9,7,1033.39,147.62714285714287,0.16666666666666666,0.0,0.8333333333333334,1.4020052097465676,19.38818011257036,3.101979826525426,mature,assisted
RID-000889,60.0,24534.92,32.1,73.4,10,1486.13,1317.41,0,1,2,4,agent,east,basic,3675.15,73.4,10,1486.13,148.613,0.0,0.1,0.5,1.12806946964119,46.2968847352025,-0.026259248045565703,growing,assisted
RID-000665,51.0,75798.17,67.3,14.2,9,1434.66,915.25,1,1,6,8,agent,west,premium,4765.78,14.2,9,1434.66,159.40666666666667,0.125,0.1111111111111111,0.75,1.5675061458617865,21.317384843982172,2.535352805706882,mature,assisted
RID-000143,39.0,31239.75,35.3,16.6,5,1082.73,858.58,1,0,3,6,online,north,enterprise,2868.7,16.6,5,1082.73,216.546,0.16666666666666666,0.0,0.5,1.2610706049523632,30.672237960339945,0.3031929767240582,growing,digital
RID-001367,43.0,56923.21,16.8,46.0,12,1269.06,997.51,1,0,1,3,agent,north,plus,3933.82,46.0,12,1269.06,105.755,0.3333333333333333,0.0,0.3333333333333333,1.2722278473398763,75.53928571428571,1.2490065867580795,growing,assisted
RID-001286,34.0,99361.73,41.9,16.5,5,623.37,402.29,1,1,3,5,partner,east,basic,3293.79,16.5,5,623.37,124.674,0.2,0.2,0.6,1.5495538044694126,14.877565632458234,-0.4247319227104831,mature,assisted
RID-000422,39.0,101018.1,12.6,53.1,5,835.61,628.29,0,3,2,5,online,north,basic,3893.84,53.1,5,835.61,167.122,0.0,0.6,0.4,1.3299750115392575,66.31825396825397,-5.067476196284536,growing,digital
RID-000637,30.0,76972.54,33.2,69.0,13,1138.19,865.81,0,0,4,7,partner,north,plus,4270.12,69.0,13,1138.19,87.55307692307693,0.0,0.0,0.5714285714285714,1.3145955810166203,34.2828313253012,2.260033956243546,growing,assisted
RID-001264,30.0,50171.06,47.1,29.7,8,752.34,599.31,1,0,4,5,branch,north,plus,3495.11,29.7,8,752.34,94.0425,0.2,0.0,0.8,1.2553436451919708,15.973248407643313,2.6891772302034207,mature,in_person
RID-001793,47.0,84146.27,17.4,37.5,11,1658.89,1304.58,1,1,1,2,online,north,plus,5293.23,37.5,11,1658.89,150.80818181818182,0.5,0.09090909090909091,0.5,1.2715893237670364,95.33850574712645,1.4262010649381962,growing,digital
RID-000616,51.0,57163.14,1.0,80.5,7,1100.29,654.54,0,0,0,2,online,north,plus,2186.94,80.5,7,1100.29,157.18428571428572,0.0,0.0,0.0,1.6810126195496073,1100.29,-3.42259935434793,new,digital
RID-000295,30.0,79506.87,45.4,50.7,9,1345.61,1002.25,1,1,5,7,online,west,premium,4513.94,50.7,9,1345.61,149.51222222222222,0.14285714285714285,0.1111111111111111,0.7142857142857143,1.342589174357695,29.638986784140968,1.3133138681644936,mature,digital
RID-000765,31.0,96277.4,33.1,39.4,10,1328.29,1167.55,1,0,4,5,branch,east,plus,5053.84,39.4,10,1328.29,132.829,0.2,0.0,0.8,1.1376729048006509,40.129607250755285,3.1784533186720876,growing,in_person
RID-001709,37.0,94390.21,40.8,126.1,8,1178.29,1051.63,2,3,3,5,online,north,premium,4490.36,126.1,8,1178.29,147.28625,0.4,0.375,0.6,1.1204416001825737,28.8796568627451,-3.482986496941049,mature,digital
RID-000089,49.0,84324.79,52.3,82.1,7,1292.09,989.48,0,1,4,7,partner,south,basic,4158.26,82.1,7,1292.09,184.5842857142857,0.0,0.14285714285714285,0.5714285714285714,1.3058273032299792,24.705353728489484,-1.3044846532353902,mature,assisted
RID-000042,60.0,47258.38,36.9,133.6,6,1299.71,963.15,5,2,4,6,agent,south,basic,3409.25,133.6,6,1299.71,216.61833333333334,0.8333333333333334,0.3333333333333333,0.6666666666666666,1.3494367440170276,35.22249322493225,-3.8355880146611216,mature,assisted
RID-001622,34.0,95675.28,23.9,82.7,13,1831.65,1478.93,1,1,2,5,agent,south,premium,3784.43,82.7,13,1831.65,140.89615384615385,0.2,0.07692307692307693,0.4,1.2384967510294604,76.63807531380753,0.4650759525640935,growing,assisted
RID-001737,48.0,84226.82,47.3,174.5,10,534.28,339.1,0,0,4,6,online,west,premium,4030.43,174.5,10,534.28,53.428,0.0,0.0,0.6666666666666666,1.5755824240636978,11.295560253699788,-1.3508954570325873,mature,digital
RID-000132,41.0,63104.88,46.9,36.9,6,808.33,522.6,0,0,2,4,online,west,premium,3243.84,36.9,6,808.33,134.72166666666666,0.0,0.0,0.5,1.546747034060467,17.235181236673775,0.11174473569456561,mature,digital
RID-001474,43.0,50033.74,54.6,27.3,1,153.1,107.4,0,1,5,8,partner,south,premium,3372.74,27.3,1,153.1,153.1,0.0,1.0,0.625,1.4255121042830539,2.804029304029304,-7.192617234248498,mature,assisted
RID-000811,52.0,98241.56,15.6,57.0,4,408.65,326.41,0,0,1,3,online,south,plus,3448.01,57.0,4,408.65,102.1625,0.0,0.0,0.3333333333333333,1.2519530651634445,26.19551282051282,-2.1137351137922193,growing,digital
RID-000924,44.0,41756.05,37.0,25.4,3,641.12,445.14,0,1,5,8,agent,west,premium,3304.87,25.4,3,641.12,213.70666666666668,0.0,0.3333333333333333,0.625,1.4402659837354541,17.327567567567566,-2.149939919969926,mature,assisted
RID-001669,38.0,52158.92,40.1,11.6,9,2260.96,1674.11,1,0,3,4,online,east,plus,4460.03,11.6,9,2260.96,251.21777777777777,0.25,0.0,0.75,1.3505444684041075,56.383042394014964,3.3130701096962927,mature,digital
RID-000974,34.0,60685.25,44.9,17.4,3,741.05,385.28,2,0,5,7,online,north,premium,3287.29,17.4,3,741.05,247.01666666666665,0.2857142857142857,0.0,0.7142857142857143,1.923406353820598,16.50445434298441,0.6683639459985269,mature,digital
RID-000165,31.0,111211.97,33.1,23.3,7,1195.51,869.1,0,0,4,5,online,north,basic,5703.2,23.3,7,1195.51,170.78714285714287,0.0,0.0,0.8,1.3755724312507192,36.11812688821752,2.4882889427431283,growing,digital
RID-000725,30.0,98523.82,39.5,21.4,6,923.66,622.85,3,0,3,5,online,south,basic,4388.62,21.4,6,923.66,153.94333333333333,0.6,0.0,0.6,1.4829573733643733,23.38379746835443,1.0862899464201352,mature,digital
RID-000291,59.0,76052.22,10.6,111.0,3,645.51,429.19,0,0,1,3,agent,north,plus,2481.62,111.0,3,645.51,215.17,0.0,0.0,0.3333333333333333,1.5040191989561733,60.89716981132076,-4.019452632963521,new,assisted
RID-001703,32.0,99843.22,7.5,24.9,3,874.24,600.3,0,1,2,5,online,east,premium,3837.57,24.9,3,874.24,291.41333333333336,0.0,0.3333333333333333,0.4,1.4563384974179578,116.56533333333333,-3.3441842919207208,new,digital
RID-000835,39.0,69823.88,29.2,41.3,11,1835.22,1159.45,2,0,3,4,online,north,basic,4736.33,41.3,11,1835.22,166.83818181818182,0.5,0.0,0.75,1.5828366898098236,62.85,3.2378332075321747,growing,digital
RID-000349,30.0,82908.36,49.4,72.3,7,949.79,547.72,3,1,6,8,agent,south,plus,4027.31,72.3,7,949.79,135.68428571428572,0.375,0.14285714285714285,0.75,1.7340794566566857,19.226518218623482,-0.06885963963753655,mature,assisted
RID-000572,48.0,61372.91,49.2,43.9,9,2066.84,1216.31,0,0,4,5,branch,north,plus,4538.83,43.9,9,2066.84,229.6488888888889,0.0,0.0,0.8,1.699270745122543,42.00894308943089,2.6699054513169274,mature,in_person
RID-000799,37.0,48675.54,27.0,37.8,5,1053.82,571.08,0,0,3,6,online,east,plus,3486.38,37.8,5,1053.82,210.76399999999998,0.0,0.0,0.5,1.8453106394900887,39.03037037037037,-0.29519079334669307,growing,digital
RID-001696,50.0,85959.61,35.8,49.7,5,1222.12,950.89,2,1,5,7,agent,east,basic,4111.68,49.7,5,1222.12,244.42399999999998,0.2857142857142857,0.2,0.7142857142857143,1.2852380401518577,34.13743016759776,-0.7480547523207199,growing,assisted
RID-000966,39.0,61975.08,47.1,18.0,5,1057.85,707.73,1,1,3,4,online,south,basic,4112.64,18.0,5,1057.85,211.57,0.25,0.2,0.75,1.494708434007319,22.459660297239914,0.3385010674698009,mature,digital
RID-001436,27.0,53144.88,27.9,13.2,8,1660.74,833.54,1,0,2,4,partner,north,plus,4190.76,13.2,8,1660.74,207.5925,0.25,0.0,0.5,1.9923938863161936,59.524731182795705,1.5437575185199819,growing,assisted
RID-001757,56.0,88124.05,49.7,9.5,10,2114.61,1294.47,0,0,3,5,agent,east,plus,5721.02,9.5,10,2114.61,211.461,0.0,0.0,0.6,1.6335720410670005,42.54748490945674,2.9483049536977752,mature,assisted
RID-000840,39.0,78637.26,6.6,80.4,6,946.27,824.73,1,1,1,3,branch,north,plus,3557.62,80.4,6,946.27,157.71166666666667,0.3333333333333333,0.16666666666666666,0.3333333333333333,1.1473694421204514,143.37424242424242,-3.067646346717733,new,in_person
RID-000459,42.0,85780.1,35.4,47.3,3,60.0,36.48,0,2,5,7,agent,west,enterprise,2611.86,47.3,3,60.0,20.0,0.0,0.6666666666666666,0.7142857142857143,1.6447368421052633,1.6949152542372883,-4.401566666240376,growing,assisted
RID-000376,34.0,99470.84,67.6,63.0,5,926.64,726.38,1,0,6,8,branch,east,premium,4631.92,63.0,5,926.64,185.328,0.125,0.0,0.75,1.2756959167377957,13.707692307692309,0.3361419459189033,mature,in_person
RID-000334,43.0,99034.39,40.5,79.7,8,1447.09,1036.95,0,1,3,5,agent,south,premium,4925.85,79.7,8,1447.09,180.88625,0.0,0.125,0.6,1.3955253387337865,35.730617283950615,-0.5885724744569062,mature,assisted
RID-001607,45.0,68535.82,18.5,36.7,3,632.62,336.61,1,0,1,3,agent,north,plus,2985.23,36.7,3,632.62,210.87333333333333,0.3333333333333333,0.0,0.3333333333333333,1.8793856391669885,34.19567567567567,-1.9222868727627271,growing,assisted
RID-001762,24.0,76450.24,47.2,16.0,6,1591.6,1182.26,2,1,4,7,online,east,basic,4241.48,16.0,6,1591.6,265.26666666666665,0.2857142857142857,0.16666666666666666,0.5714285714285714,1.3462351766954814,33.720338983050844,0.028770347370218108,mature,digital
RID-001456,44.0,88381.52,1.0,16.4,5,1007.82,564.59,1,1,0,1,partner,south,premium,3434.9,16.4,5,1007.82,201.56400000000002,1.0,0.2,0.0,1.7850475566340176,1007.82,-3.6441952156682906,new,assisted
RID-001704,52.0,77261.33,53.3,107.5,6,60.0,41.78,1,0,5,6,agent,north,basic,2528.28,107.5,6,60.0,10.0,0.16666666666666666,0.0,0.8333333333333334,1.4360938247965533,1.125703564727955,-0.09082731128862331,mature,assisted
RID-001182,34.0,41313.39,24.7,12.5,6,1449.2,750.37,2,0,3,5,online,south,basic,3642.03,12.5,6,1449.2,241.53333333333333,0.4,0.0,0.6,1.9313138851499927,58.67206477732794,1.3374982272517242,growing,digital
RID-001671,30.0,67124.29,30.7,48.6,7,792.18,621.92,2,0,2,5,branch,east,basic,3177.48,48.6,7,792.18,113.16857142857143,0.4,0.0,0.4,1.273765114484178,25.803908794788274,-0.3740105623479917,growing,in_person
RID-001035,46.0,99678.13,60.6,60.9,1,238.06,132.32,0,0,6,8,partner,west,plus,4197.37,60.9,1,238.06,238.06,0.0,0.0,0.75,1.7991233373639663,3.928382838283828,-1.1307139679157883,mature,assisted
RID-001733,58.0,79225.56,48.2,51.3,7,780.5,602.06,0,0,4,5,online,north,plus,4017.7,51.3,7,780.5,111.5,0.0,0.0,0.8,1.296382420356775,16.192946058091284,1.6979707558572303,mature,digital
RID-000329,45.0,63679.47,42.5,53.8,5,506.24,429.48,1,0,4,7,branch,south,basic,3223.47,53.8,5,506.24,101.248,0.14285714285714285,0.0,0.5714285714285714,1.178727763807395,11.911529411764706,-0.3631957265778052,mature,in_person
RID-001193,37.0,71005.88,29.1,44.9,10,1053.55,599.05,1,0,3,5,agent,east,enterprise,3755.06,44.9,10,1053.55,105.35499999999999,0.2,0.0,0.6,1.7587012770219514,36.204467353951884,1.9491169602777472,growing,assisted
RID-000319,54.0,54168.09,24.0,49.0,6,1279.95,1139.73,0,0,2,3,online,west,basic,4104.0,49.0,6,1279.95,213.32500000000002,0.0,0.0,0.6666666666666666,1.1230291384801663,53.331250000000004,0.6652937813370006,growing,digital
RID-001379,55.0,59212.54,32.0,44.5,7,1316.53,719.25,1,0,3,5,online,north,basic,4223.9,44.5,7,1316.53,188.07571428571427,0.2,0.0,0.6,1.83042057698992,41.1415625,0.8158098867020527,growing,digital
RID-001221,38.0,81992.28,19.2,36.6,7,1235.04,865.28,1,0,2,3,online,north,basic,3623.25,36.6,7,1235.04,176.43428571428572,0.3333333333333333,0.0,0.6666666666666666,1.4273298816568047,64.325,1.3968242799921102,growing,digital
RID-001563,37.0,107294.1,40.7,37.4,7,1602.53,1422.97,0,0,4,7,online,east,plus,4686.04,37.4,7,1602.53,228.93285714285713,0.0,0.0,0.5714285714285714,1.1261867783579413,39.37420147420147,0.8627698146666449,mature,digital
RID-000168,41.0,106407.36,46.3,32.5,5,635.29,537.15,2,0,4,5,agent,east,basic,4830.75,32.5,5,635.29,127.05799999999999,0.4,0.0,0.8,1.1827050172205156,13.721166306695464,1.4655480781264805,mature,assisted
RID-000013,45.0,84436.38,37.5,92.9,4,827.21,655.77,0,2,3,6,branch,south,plus,3192.16,92.9,4,827.21,206.8025,0.0,0.5,0.5,1.2614331244186225,22.058933333333336,-5.401444295434965,mature,in_person
RID-000172,41.0,108246.77,42.4,29.9,10,1440.2,874.64,2,0,3,4,partner,west,basic,5756.58,29.9,10,1440.2,144.02,0.5,0.0,0.75,1.6466203237903596,33.966981132075475,3.1780731677300786,mature,assisted
RID-000650,42.0,96158.19,32.6,62.4,6,1223.52,911.72,2,1,3,6,partner,south,premium,3974.88,62.4,6,1223.52,203.92,0.3333333333333333,0.16666666666666666,0.5,1.3419909621374984,37.53128834355828,-1.664505250172957,growing,assisted
RID-000261,53.0,43011.04,36.5,50.8,7,1160.97,710.93,1,2,3,4,agent,east,premium,3709.55,50.8,7,1160.97,165.85285714285715,0.25,0.2857142857142857,0.75,1.6330299748217125,31.807397260273973,-0.3675761085450554,mature,assisted
RID-001243,31.0,88173.7,23.0,71.8,6,930.81,837.49,2,1,2,5,branch,south,basic,3100.91,71.8,6,930.81,155.135,0.4,0.16666666666666666,0.4,1.111428196157566,40.47,-2.4668739987555273,growing,in_person
RID-001616,37.0,63273.72,51.1,20.2,7,1663.48,1433.38,1,1,4,6,online,east,basic,4765.26,20.2,7,1663.48,237.64000000000001,0.16666666666666666,0.14285714285714285,0.6666666666666666,1.1605296571739523,32.553424657534244,0.9541569984732312,mature,digital
RID-000673,45.0,83399.12,42.3,37.2,6,733.96,371.31,2,1,4,5,online,east,basic,3819.02,37.2,6,733.96,122.32666666666667,0.4,0.16666666666666666,0.8,1.9766771700196601,17.351300236406622,0.6579240469798373,mature,digital
RID-000259,43.0,28702.77,36.7,23.3,8,1652.77,1018.63,1,1,2,4,online,east,plus,3743.58,23.3,8,1652.77,206.59625,0.25,0.125,0.5,1.6225420417619745,45.03460490463215,0.46630651614238394,mature,digital
RID-001190,18.0,79351.17,39.2,155.9,9,1936.25,1156.65,0,0,4,6,online,west,basic,4245.2,155.9,9,1936.25,215.13888888888889,0.0,0.0,0.6666666666666666,1.6740154757273158,49.39413265306122,-1.2074308202068815,mature,digital
RID-000139,27.0,37767.49,33.8,26.5,9,1033.69,558.17,1,0,4,5,online,north,basic,3580.84,26.5,9,1033.69,114.85444444444445,0.2,0.0,0.8,1.851926832327069,30.58254437869823,3.1610317531674497,growing,digital
RID-000550,32.0,87085.26,19.1,24.6,10,1478.49,753.13,0,0,2,3,online,east,premium,4316.06,24.6,10,1478.49,147.849,0.0,0.0,0.6666666666666666,1.9631272157529245,77.40785340314136,2.880129407760131,growing,digital
RID-000863,44.0,55488.61,46.7,11.2,11,2876.61,2359.45,0,2,3,6,online,east,basic,5790.39,11.2,11,2876.61,261.51,0.0,0.18181818181818182,0.5,1.2191866748606668,61.59764453961456,1.5922651442690046,mature,digital
RID-001376,43.0,82279.81,41.8,134.6,7,952.83,837.41,1,0,4,5,agent,west,basic,4245.19,134.6,7,952.83,136.11857142857144,0.2,0.0,0.8,1.1378297369269534,22.794976076555027,-0.6532258501283164,mature,assisted
RID-001119,45.0,104438.49,41.0,63.1,9,1359.81,1047.17,3,2,3,4,agent,north,plus,4971.16,63.1,9,1359.81,151.09,0.75,0.2222222222222222,0.75,1.2985570633230514,33.16609756097561,0.45078792840257664,mature,assisted
RID-001068,60.0,79092.19,27.2,51.7,15,1754.85,921.39,0,0,4,6,partner,south,premium,5447.98,51.7,15,1754.85,116.99,0.0,0.0,0.6666666666666666,1.9045680981994595,64.51654411764706,4.022876527766625,growing,assisted
RID-000559,45.0,81904.46,40.0,33.9,2,604.61,426.18,0,0,3,5,branch,north,basic,4017.59,33.9,2,604.61,302.305,0.0,0.0,0.6,1.4186728612323432,15.11525,-0.7926604505764889,mature,in_person
RID-000140,49.0,74720.5,22.3,13.0,7,795.81,584.17,0,0,2,3,branch,west,plus,4650.23,13.0,7,795.81,113.68714285714285,0.0,0.0,0.6666666666666666,1.3622917986202647,35.68654708520179,2.062949608938796,growing,in_person
RID-001565,35.0,77472.55,35.0,45.5,6,1180.21,846.19,0,1,3,6,agent,east,enterprise,3926.81,45.5,6,1180.21,196.70166666666668,0.0,0.16666666666666666,0.5,1.3947340431817912,33.720285714285716,-1.1874917730882542,growing,assisted
RID-000532,43.0,64216.25,28.3,57.0,6,697.35,512.41,0,0,2,3,online,east,plus,4039.7,57.0,6,697.35,116.22500000000001,0.0,0.0,0.6666666666666666,1.3609219179953553,24.641342756183747,0.43948858508388683,growing,digital
RID-000225,51.0,79076.1,35.1,25.4,7,1600.94,1392.26,0,0,2,3,online,east,plus,4365.67,25.4,7,1600.94,228.7057142857143,0.0,0.0,0.6666666666666666,1.1498857971930532,45.61082621082621,1.7129515547464695,growing,digital
RID-000724,47.0,102401.84,53.0,16.0,3,186.62,155.78,1,1,5,8,branch,north,premium,3813.08,16.0,3,186.62,62.20666666666667,0.125,0.3333333333333333,0.625,1.1979714982667866,3.5211320754716984,-1.8846188143725175,mature,in_person
RID-000787,40.0,72222.38,30.8,52.4,10,1363.99,727.13,0,0,2,4,online,north,premium,4423.31,52.4,10,1363.99,136.399,0.0,0.0,0.5,1.8758543864233357,44.28538961038961,1.2003769458052915,growing,digital
RID-000825,45.0,72190.96,43.7,31.6,6,580.13,310.36,1,0,3,5,agent,south,premium,3679.08,31.6,6,580.13,96.68833333333333,0.2,0.0,0.6,1.8692163938651887,13.275286041189931,0.7983883211974151,mature,assisted
RID-000410,58.0,98349.71,9.4,26.8,9,880.73,635.16,1,0,1,3,agent,south,enterprise,4167.0,26.8,9,880.73,97.85888888888888,0.3333333333333333,0.0,0.3333333333333333,1.3866269916241578,93.69468085106382,0.646341724377202,new,assisted
RID-000326,32.0,77953.28,38.7,54.3,12,2745.19,2194.44,0,0,4,7,agent,north,premium,5727.41,54.3,12,2745.19,228.76583333333335,0.0,0.0,0.5714285714285714,1.2509751918484897,70.93514211886304,2.2934185598958594,mature,assisted
RID-000965,31.0,72280.94,45.3,18.5,8,1995.95,1630.09,0,1,4,6,partner,north,plus,4941.01,18.5,8,1995.95,249.49375,0.0,0.125,0.6666666666666666,1.2244415952493422,44.060706401766005,1.4968690388695216,mature,assisted
RID-000300,24.0,62887.38,36.8,31.9,6,647.4,485.34,0,0,3,5,online,east,premium,2699.7,31.9,6,647.4,107.89999999999999,0.0,0.0,0.6,1.3339102484855978,17.592391304347828,0.7899206263379234,mature,digital
RID-001139,50.0,45230.76,45.1,96.4,11,1266.52,693.15,2,0,3,5,branch,north,plus,2863.44,96.4,11,1266.52,115.13818181818182,0.4,0.0,0.6,1.8271946909038448,28.082483370288248,0.8770284538611108,mature,in_person
RID-001183,44.0,93152.8,35.1,79.2,4,607.16,456.18,0,0,5,6,online,east,plus,4274.08,79.2,4,607.16,151.79,0.0,0.0,0.8333333333333334,1.3309658468148537,17.298005698005696,-0.05510631846880054,growing,digital
RID-000940,47.0,56789.72,30.0,154.7,3,144.89,128.85,1,1,2,4,branch,north,premium,1398.87,154.7,3,144.89,48.29666666666666,0.25,0.3333333333333333,0.5,1.1244858362436942,4.829666666666666,-6.470825958142329,growing,in_person
RID-001672,36.0,66075.39,28.0,14.3,11,1934.11,1185.0,1,0,4,6,agent,east,plus,4951.24,14.3,11,1934.11,175.8281818181818,0.16666666666666666,0.0,0.6666666666666666,1.6321603375527425,69.07535714285714,3.5523860423987985,growing,assisted
RID-000715,35.0,67834.82,45.6,22.2,7,1379.12,816.72,1,2,3,5,online,north,basic,4728.27,22.2,7,1379.12,197.01714285714283,0.2,0.2857142857142857,0.6,1.688608090900186,30.243859649122804,-0.36589399641791676,mature,digital
RID-000194,38.0,114418.58,34.0,45.0,10,1491.07,914.12,1,1,3,4,agent,west,basic,5933.94,45.0,10,1491.07,149.107,0.25,0.1,0.75,1.6311534590644554,43.855,2.1179683061158925,growing,assisted
RID-000441,46.0,81804.3,26.9,9.9,4,650.58,438.5,0,0,3,6,online,south,plus,3817.39,9.9,4,650.58,162.645,0.0,0.0,0.5,1.4836488027366022,24.185130111524167,0.11077238412325752,growing,digital
RID-000574,37.0,80362.21,1.0,25.8,8,1545.52,1059.78,0,1,0,2,agent,west,plus,3451.48,25.8,8,1545.52,193.19,0.0,0.125,0.0,1.4583404102738304,1545.52,-2.2894958226125235,new,assisted
RID-000504,20.0,59817.19,55.4,25.2,4,618.01,313.17,2,1,6,7,online,west,basic,3568.07,25.2,4,618.01,154.5025,0.2857142857142857,0.25,0.8571428571428571,1.9734010281955485,11.155415162454874,0.012203358448671597,mature,digital
RID-000606,35.0,58764.98,30.9,23.7,7,1109.01,978.18,0,0,2,5,online,north,basic,3714.02,23.7,7,1109.01,158.43,0.0,0.0,0.4,1.1337483898668956,35.890291262135925,0.3288081109898249,growing,digital
RID-001055,57.0,77922.65,23.8,192.9,8,862.32,636.71,2,0,3,6,agent,west,basic,3135.48,192.9,8,862.32,107.79,0.3333333333333333,0.0,0.5,1.3543371393570072,36.23193277310924,-3.5283917023155853,growing,assisted
RID-001609,64.0,69076.69,54.8,55.1,5,566.99,352.69,0,0,5,8,online,east,basic,3631.61,55.1,5,566.99,113.398,0.0,0.0,0.625,1.6076157532110351,10.346532846715329,-0.1121849765125994,mature,digital
RID-000004,48.0,76694.42,23.5,51.7,7,923.39,496.06,2,0,0,1,agent,east,basic,2643.79,51.7,7,923.39,131.91285714285715,2.0,0.0,0.0,1.8614482119098497,39.2931914893617,-2.609700647836721,growing,assisted
RID-001042,39.0,85279.51,35.4,35.6,10,1429.2,1228.22,0,0,4,5,branch,east,basic,4475.69,35.6,10,1429.2,142.92000000000002,0.0,0.0,0.8,1.1636351793652604,40.37288135593221,3.2857107868923165,growing,in_person
RID-001108,37.0,81023.26,28.3,18.9,8,1354.78,863.27,1,1,3,4,online,west,plus,4120.64,18.9,8,1354.78,169.3475,0.25,0.125,0.75,1.5693583699190288,47.87208480565371,1.933118481544501,growing,digital
RID-000468,52.0,54252.9,25.6,14.7,11,2001.04,1721.16,0,1,1,3,branch,east,plus,3821.26,14.7,11,2001.04,181.91272727272727,0.0,0.09090909090909091,0.3333333333333333,1.1626112621720235,78.16562499999999,1.1746664692843003,growing,in_person
RID-000322,33.0,79021.75,44.1,50.5,9,1311.8,1058.39,0,0,2,3,agent,east,basic,4077.97,50.5,9,1311.8,145.75555555555556,0.0,0.0,0.6666666666666666,1.2394296998270957,29.746031746031743,1.767552640427892,mature,assisted
RID-000006,41.0,66650.95,22.1,24.6,5,692.5,584.17,0,0,2,4,agent,south,enterprise,3595.58,24.6,5,692.5,138.5,0.0,0.0,0.5,1.1854425937655135,31.334841628959275,0.07738778047094441,growing,assisted
RID-000223,48.0,63413.09,13.0,40.7,5,820.63,670.46,0,0,0,3,agent,north,plus,3216.62,40.7,5,820.63,164.126,0.0,0.0,0.0,1.2239805506667063,63.12538461538462,-3.0622833919142565,growing,assisted
RID-000548,40.0,81220.99,28.3,42.8,10,2374.61,1712.84,0,0,2,3,agent,east,plus,5137.89,42.8,10,2374.61,237.461,0.0,0.0,0.6666666666666666,1.3863583288573365,83.90848056537102,2.3664225862842976,growing,assisted
RID-000229,37.0,76150.18,22.0,56.6,8,2095.6,1296.42,0,2,2,5,online,north,enterprise,4439.34,56.6,8,2095.6,261.95,0.0,0.25,0.4,1.6164514586322332,95.25454545454545,-1.8030271983544057,growing,digital
RID-000040,44.0,80158.53,34.4,83.0,4,499.92,417.77,1,2,3,4,branch,north,premium,3505.66,83.0,4,499.92,124.98,0.25,0.5,0.75,1.1966392991358883,14.532558139534885,-3.779391257608832,growing,in_person
RID-000543,48.0,63583.75,33.8,54.1,4,787.67,610.88,1,1,2,3,agent,south,plus,2937.72,54.1,4,787.67,196.9175,0.3333333333333333,0.25,0.6666666666666666,1.2894021739130435,23.303846153846155,-1.82646580441601,growing,assisted
RID-000243,35.0,87861.76,34.8,19.5,8,1252.82,772.62,1,0,3,6,online,east,basic,4508.55,19.5,8,1252.82,156.6025,0.16666666666666666,0.0,0.5,1.621521575936424,36.000574712643676,1.3659359264706548,growing,digital
RID-001716,30.0,32601.26,38.3,21.7,8,656.11,535.79,0,0,4,6,agent,north,plus,3522.65,21.7,8,656.11,82.01375,0.0,0.0,0.6666666666666666,1.2245655947292784,17.13080939947781,2.198918902476318,mature,assisted
RID-000137,27.0,84046.58,35.1,46.8,6,851.26,531.24,1,1,2,4,agent,west,basic,4333.06,46.8,6,851.26,141.87666666666667,0.25,0.16666666666666666,0.5,1.6024019275656953,24.252421652421653,-1.2241851174793852,growing,assisted
RID-001079,39.0,111848.07,56.6,58.1,13,1249.55,1043.28,1,0,4,6,agent,east,premium,5559.29,58.1,13,1249.55,96.11923076923077,0.16666666666666666,0.0,0.6666666666666666,1.197712982133272,22.07685512367491,3.0791674818385677,mature,assisted
RID-001581,48.0,105333.02,11.9,38.6,11,1565.36,1367.94,0,2,1,2,branch,north,premium,5095.46,38.6,11,1565.36,142.30545454545452,0.0,0.18181818181818182,0.5,1.1443191952863427,131.54285714285714,0.8188823471020897,new,in_person
RID-001418,40.0,57400.93,17.5,45.2,8,1126.09,629.78,1,0,2,3,agent,west,basic,3734.12,45.2,8,1126.09,140.76125,0.3333333333333333,0.0,0.6666666666666666,1.7880688494394867,64.348,1.5356161384827964,growing,assisted
RID-001434,43.0,87648.86,39.9,114.1,10,2059.62,1701.27,0,1,3,5,branch,south,plus,5386.74,114.1,10,2059.62,205.962,0.0,0.1,0.6,1.210636759597242,51.61954887218045,-0.63799554099812,mature,in_person
RID-000830,32.0,67814.36,21.9,35.4,3,929.26,522.92,0,2,0,3,branch,south,plus,2515.65,35.4,3,929.26,309.75333333333333,0.0,0.6666666666666666,0.0,1.7770595884647749,42.43196347031964,-7.901736029565025,growing,in_person
RID-000446,45.0,102670.47,25.1,72.9,3,411.8,307.81,2,0,3,5,agent,south,basic,3558.83,72.9,3,411.8,137.26666666666668,0.4,0.0,0.6,1.3378382768591015,16.40637450199203,-1.5119283378476351,growing,assisted
RID-000843,37.0,55114.97,38.1,75.1,4,198.0,142.05,0,1,3,6,agent,east,enterprise,2905.78,75.1,4,198.0,49.5,0.0,0.25,0.5,1.3938753959873282,5.196850393700787,-3.3142838495557028,mature,assisted
RID-000980,40.0,77144.19,23.2,65.9,10,2556.86,2046.59,1,0,2,5,online,north,basic,4843.95,65.9,10,2556.86,255.686,0.2,0.0,0.4,1.2493269291846438,110.2094827586207,0.2822830341430001,growing,digital
RID-001698,47.0,55941.19,43.9,63.1,5,543.7,288.12,0,0,3,5,online,west,premium,3911.02,63.1,5,543.7,108.74000000000001,0.0,0.0,0.6,1.8870609468277109,12.384965831435082,-0.47225208351200365,mature,digital
RID-001074,37.0,71295.89,52.2,5.2,6,759.47,604.23,2,0,4,5,branch,north,plus,4822.64,5.2,6,759.47,126.57833333333333,0.4,0.0,0.8,1.2569220330006785,14.549233716475095,2.6176407548030145,mature,in_person
RID-001643,36.0,83442.54,28.7,32.2,7,680.86,558.76,0,1,4,6,agent,east,plus,3469.4,32.2,7,680.86,97.26571428571428,0.0,0.14285714285714285,0.6666666666666666,1.2185195790679362,23.723344947735193,0.6154492040935609,growing,assisted
RID-000582,35.0,70966.2,60.5,9.2,12,2210.0,1735.92,0,0,5,7,branch,north,plus,5617.27,9.2,12,2210.0,184.16666666666666,0.0,0.0,0.7142857142857143,1.2731001428637263,36.52892561983471,4.33360627232302,mature,in_person
RID-001589,30.0,88308.21,66.6,66.0,8,738.39,642.06,0,0,5,7,branch,south,plus,4309.77,66.0,8,738.39,92.29875,0.0,0.0,0.7142857142857143,1.150032707223624,11.086936936936938,1.2042596010747784,mature,in_person
RID-001770,51.0,108436.14,50.2,43.2,6,238.84,124.79,0,1,5,8,online,east,basic,4695.63,43.2,6,238.84,39.806666666666665,0.0,0.16666666666666666,0.625,1.9139354114913054,4.7577689243027885,-0.45126322543403175,mature,digital
RID-000662,32.0,92963.04,27.1,45.6,5,972.87,794.21,0,0,3,5,partner,south,plus,4613.98,45.6,5,972.87,194.574,0.0,0.0,0.6,1.224953098047116,35.89926199261993,0.02169678329168262,growing,assisted
RID-000437,50.0,111782.45,35.3,16.4,6,1055.99,858.97,0,0,3,6,online,east,basic,4832.2,16.4,6,1055.99,175.99833333333333,0.0,0.0,0.5,1.2293677311198294,29.914730878186973,0.6903705510931695,growing,digital
RID-001670,47.0,54853.26,38.0,20.4,8,1577.98,1252.23,2,0,4,5,agent,south,plus,4809.44,20.4,8,1577.98,197.2475,0.4,0.0,0.8,1.2601359175231388,41.52578947368421,2.9516757708476655,mature,assisted
RID-000377,33.0,84814.93,39.0,17.8,12,3141.82,2179.09,1,0,3,4,online,west,premium,6697.75,17.8,12,3141.82,261.8183333333333,0.25,0.0,0.75,1.44180368869574,80.55948717948718,4.28266841598848,mature,digital
RID-001330,28.0,65101.65,48.4,32.3,7,1058.86,903.77,0,0,3,6,branch,south,basic,3945.16,32.3,7,1058.86,151.26571428571427,0.0,0.0,0.5,1.1716033946689977,21.877272727272725,0.6231151680028895,mature,in_person
RID-000315,29.0,57264.68,32.9,66.9,3,444.37,352.07,0,1,3,4,online,north,plus,2860.88,66.9,3,444.37,148.12333333333333,0.0,0.3333333333333333,0.75,1.2621637742494392,13.506686930091186,-2.6499948218015015,growing,digital
RID-000443,50.0,100723.87,47.9,65.3,10,1871.74,1545.63,0,0,5,6,online,west,plus,5608.18,65.3,10,1871.74,187.174,0.0,0.0,0.8333333333333334,1.210988399552286,39.07599164926931,2.626424876797685,mature,digital
RID-001038,47.0,73761.34,22.4,40.8,6,655.29,338.26,0,0,3,4,agent,east,plus,3931.89,40.8,6,655.29,109.21499999999999,0.0,0.0,0.75,1.937237627860226,29.25401785714286,1.3442838099840775,growing,assisted
RID-000320,38.0,108661.54,48.4,107.3,6,1156.43,785.09,2,0,4,7,online,north,plus,4453.55,107.3,6,1156.43,192.73833333333334,0.2857142857142857,0.0,0.5714285714285714,1.472990357793374,23.89318181818182,-1.4917355320577197,mature,digital
RID-000282,41.0,72464.08,20.9,58.9,7,1858.2,1105.18,0,0,3,4,partner,west,basic,4935.7,58.9,7,1858.2,265.45714285714286,0.0,0.0,0.75,1.6813550733817115,88.90909090909092,1.214931997924191,growing,assisted
RID-000933,36.0,62555.51,20.6,21.6,10,883.41,788.83,1,0,0,1,branch,south,basic,3195.92,21.6,10,883.41,88.341,1.0,0.0,0.0,1.11989909105891,42.883980582524266,-0.61551126354603,growing,in_person
RID-001358,27.0,48761.87,48.8,117.8,7,1596.43,985.77,1,1,4,7,agent,north,basic,3352.22,117.8,7,1596.43,228.0614285714286,0.14285714285714285,0.14285714285714285,0.5714285714285714,1.6194751311157776,32.71372950819672,-2.31214034151491,mature,assisted
RID-001604,37.0,62845.04,37.5,47.3,9,1423.09,1261.42,1,0,3,4,branch,north,plus,5080.98,47.3,9,1423.09,158.1211111111111,0.25,0.0,0.75,1.1281650837944537,37.94906666666667,2.3054144214167724,mature,in_person
RID-000425,45.0,122104.25,18.5,22.4,5,388.36,212.9,0,0,1,3,agent,east,enterprise,3940.11,22.4,5,388.36,77.672,0.0,0.0,0.3333333333333333,1.8241427900422733,20.992432432432434,-0.7555951955347191,growing,assisted
RID-000554,42.0,43825.67,29.9,117.7,10,1613.95,959.58,0,0,1,4,partner,west,premium,3127.43,117.7,10,1613.95,161.395,0.0,0.0,0.25,1.6819337626878426,53.97826086956522,-1.9853770760736542,growing,assisted
RID-000595,42.0,24612.28,44.2,54.3,5,492.02,295.62,0,1,4,5,agent,west,plus,3065.24,54.3,5,492.02,98.404,0.0,0.2,0.8,1.664366416345308,11.131674208144796,-0.41756618903612114,mature,assisted
RID-001764,43.0,90001.44,42.8,15.4,6,1408.72,1251.12,0,1,2,3,agent,north,premium,4583.03,15.4,6,1408.72,234.78666666666666,0.0,0.16666666666666666,0.6666666666666666,1.1259671334484302,32.91401869158879,0.5571796827893558,mature,assisted
RID-000369,45.0,86781.91,48.0,72.4,5,964.75,494.73,0,0,3,5,online,north,plus,3908.98,72.4,5,964.75,192.95,0.0,0.0,0.6,1.9500535645705739,20.098958333333332,-0.7347506241562485,mature,digital
RID-001252,45.0,45894.06,29.6,29.9,6,945.98,503.35,0,0,2,4,partner,south,premium,3120.92,29.9,6,945.98,157.66333333333333,0.0,0.0,0.5,1.8793682328399721,31.958783783783783,0.30932428241604015,growing,assisted
RID-001179,47.0,85155.32,31.3,61.5,7,1373.64,1233.48,0,0,3,4,online,east,premium,4160.92,61.5,7,1373.64,196.23428571428573,0.0,0.0,0.75,1.113629730518533,43.886261980830675,1.141545309141929,growing,digital
RID-001424,39.0,64776.28,19.9,84.7,7,1052.28,629.81,0,0,2,5,agent,east,premium,3499.22,84.7,7,1052.28,150.32571428571427,0.0,0.0,0.4,1.6707896032136678,52.878391959798996,-1.3929565104401673,growing,assisted
RID-001457,41.0,90630.74,73.1,5.4,2,107.57,82.25,1,0,6,9,online,south,plus,3657.48,5.4,2,107.57,53.785,0.1111111111111111,0.0,0.6666666666666666,1.3078419452887537,1.471545827633379,0.36980232306533667,loyal,digital
RID-001442,28.0,59677.11,22.6,30.0,8,1044.83,789.85,2,0,2,3,agent,north,plus,4068.85,30.0,8,1044.83,130.60375,0.6666666666666666,0.0,0.6666666666666666,1.3228207887573589,46.231415929203536,1.9646460113637125,growing,assisted
RID-000228,30.0,66559.52,26.8,96.7,2,426.27,255.87,0,1,2,5,online,north,plus,2607.37,96.7,2,426.27,213.135,0.0,0.5,0.4,1.665963184429593,15.905597014925371,-6.808814295565922,growing,digital
RID-001001,39.0,58458.59,41.0,88.5,6,818.26,430.23,5,0,3,5,agent,east,basic,4153.65,88.5,6,818.26,136.37666666666667,1.0,0.0,0.6,1.901912930293099,19.957560975609756,-0.8076511371528561,mature,assisted
RID-001091,38.0,76072.58,37.9,89.6,6,1077.49,672.61,0,0,3,6,branch,west,enterprise,3675.0,89.6,6,1077.49,179.58166666666668,0.0,0.0,0.5,1.6019535838004193,28.42981530343008,-1.375746994622821,mature,in_person
RID-001621,33.0,94000.96,23.7,37.9,8,1171.15,693.28,1,0,2,5,agent,north,plus,4114.53,37.9,8,1171.15,146.39375,0.2,0.0,0.4,1.6892885991230098,49.41561181434599,0.3095363321033314,growing,assisted
RID-000964,29.0,102073.74,22.4,45.4,7,1545.5,1302.9,1,2,2,4,branch,east,enterprise,5047.33,45.4,7,1545.5,220.78571428571428,0.25,0.2857142857142857,0.5,1.1862000153503722,68.99553571428572,-1.5577767085371084,growing,in_person
RID-000067,47.0,98537.53,48.6,42.9,8,985.4,865.7,0,0,4,7,partner,south,enterprise,4848.49,42.9,8,985.4,123.175,0.0,0.0,0.5714285714285714,1.1382696084093795,20.27572016460905,1.0890611867054125,mature,assisted
RID-000394,38.0,86352.59,15.8,102.7,5,376.75,324.41,0,0,2,5,online,south,plus,3076.61,102.7,5,376.75,75.35,0.0,0.0,0.4,1.1613390462686106,23.844936708860757,-2.6640830909352404,growing,digital
RID-000580,40.0,90768.22,30.8,24.6,4,1244.51,733.09,0,0,3,5,partner,east,premium,4245.59,24.6,4,1244.51,311.1275,0.0,0.0,0.6,1.6976223928849117,40.40616883116883,0.23290297899332257,growing,assisted
RID-000025,31.0,107788.24,38.2,117.9,1,191.61,139.65,0,2,2,3,branch,east,enterprise,2519.19,117.9,1,191.61,191.61,0.0,2.0,0.6666666666666666,1.3720730397422127,5.015968586387435,-15.865066767435529,mature,in_person
RID-000212,65.0,69980.62,47.8,6.9,8,1073.88,628.62,0,0,4,6,agent,south,premium,4679.62,6.9,8,1073.88,134.235,0.0,0.0,0.6666666666666666,1.7083134485062519,22.46610878661088,2.6166585155445787,mature,assisted
RID-001385,39.0,108108.21,49.4,168.2,10,1778.18,1402.68,1,0,4,6,online,east,enterprise,5000.89,168.2,10,1778.18,177.818,0.16666666666666666,0.0,0.6666666666666666,1.2677018279293923,35.995546558704454,-1.1730738649832597,mature,digital
RID-000145,35.0,98055.59,27.2,35.7,7,988.51,880.36,0,0,0,3,agent,north,premium,4040.31,35.7,7,988.51,141.21571428571428,0.0,0.0,0.0,1.1228474714889363,36.34227941176471,-2.1580902553304933,growing,assisted
RID-000537,48.0,108376.91,17.2,87.5,13,1519.95,1162.74,0,0,1,2,branch,east,enterprise,4988.26,87.5,13,1519.95,116.91923076923078,0.0,0.0,0.5,1.3072139945301615,88.36918604651163,1.3542539806331053,growing,in_person
RID-000812,40.0,89559.76,33.7,57.8,3,549.05,387.05,1,0,3,4,agent,west,premium,3766.45,57.8,3,549.05,183.01666666666665,0.25,0.0,0.75,1.418550574861129,16.29228486646884,-0.28014956544213965,growing,assisted
RID-001007,41.0,70486.01,49.4,46.6,9,1030.18,815.51,0,1,5,6,partner,north,basic,4497.31,46.6,9,1030.18,114.46444444444445,0.0,0.1111111111111111,0.8333333333333334,1.263234049858371,20.853846153846156,2.068381463369407,mature,assisted
RID-000926,44.0,85812.09,29.6,64.0,8,1957.99,1213.51,1,0,2,5,agent,west,premium,4478.78,64.0,8,1957.99,244.74875,0.2,0.0,0.4,1.613493090291798,66.14831081081081,-0.42715312067245215,growing,assisted
RID-000086,42.0,92828.94,20.4,27.0,3,410.58,314.78,0,1,2,5,partner,north,plus,3104.75,27.0,3,410.58,136.85999999999999,0.0,0.3333333333333333,0.4,1.304339538725459,20.126470588235296,-3.403458155937163,growing,assisted
RID-001623,49.0,73265.84,40.3,67.5,10,1071.18,817.01,1,0,3,4,agent,north,basic,4288.29,67.5,10,1071.18,107.11800000000001,0.25,0.0,0.75,1.3110977833808644,26.580148883374694,2.116788745340444,mature,assisted
RID-000273,32.0,65069.92,60.1,77.7,9,597.53,453.48,1,0,6,9,branch,east,premium,3295.93,77.7,9,597.53,66.39222222222222,0.1111111111111111,0.0,0.6666666666666666,1.3176545823410073,9.942262895174709,0.9998149731673053,mature,in_person
RID-001162,55.0,96880.93,50.7,72.2,7,1509.53,1060.21,0,0,4,6,branch,west,basic,4857.32,72.2,7,1509.53,215.64714285714285,0.0,0.0,0.6666666666666666,1.4238028315145113,29.77376725838264,0.3919911566657541,mature,in_person
RID-001445,36.0,63436.6,16.1,51.3,8,1771.81,1487.48,2,0,1,4,online,north,basic,4557.96,51.3,8,1771.81,221.47625,0.5,0.0,0.25,1.1911487885551402,110.05031055900619,-0.874258836098377,growing,digital
RID-001106,40.0,82059.23,28.4,89.8,10,1114.62,881.57,1,3,3,6,online,north,basic,3718.77,89.8,10,1114.62,111.46199999999999,0.16666666666666666,0.3,0.5,1.26435790691607,39.24718309859155,-1.7569550077373155,growing,digital
RID-001625,51.0,64828.23,37.8,31.2,10,1379.19,982.18,1,0,4,7,agent,south,enterprise,3896.22,31.2,10,1379.19,137.919,0.14285714285714285,0.0,0.5714285714285714,1.4042130770327232,36.48650793650794,2.1823661751511585,mature,assisted
RID-000631,45.0,72514.76,38.8,150.0,8,1521.38,1199.66,2,0,3,5,online,south,plus,4146.44,150.0,8,1521.38,190.1725,0.4,0.0,0.6,1.2681759831952386,39.210824742268045,-1.7804636944231014,mature,digital
RID-001235,36.0,84371.63,55.1,134.3,10,1611.69,821.95,0,0,5,6,branch,west,plus,4797.87,134.3,10,1611.69,161.169,0.0,0.0,0.8333333333333334,1.9608127015025245,29.2502722323049,0.678855059114579,mature,in_person
RID-001683,52.0,58341.34,17.9,169.6,5,823.39,418.47,1,0,2,5,online,west,basic,3215.28,169.6,5,823.39,164.678,0.2,0.0,0.4,1.967620140033933,45.99944134078213,-4.552379044601904,growing,digital
RID-000916,46.0,57753.54,46.3,22.4,5,525.5,296.92,0,2,5,6,agent,south,enterprise,3480.32,22.4,5,525.5,105.1,0.0,0.4,0.8333333333333334,1.7698369931294624,11.34989200863931,-0.6059471953546436,mature,assisted
RID-001234,52.0,72094.36,52.6,20.6,7,1887.37,1545.06,0,0,4,7,partner,north,premium,4256.12,20.6,7,1887.37,269.6242857142857,0.0,0.0,0.5714285714285714,1.2215512666174777,35.88155893536121,1.3369607267981836,mature,assisted
RID-001037,44.0,87531.77,37.7,67.9,3,408.43,251.79,0,0,3,4,branch,north,basic,3700.04,67.9,3,408.43,136.14333333333335,0.0,0.0,0.75,1.6221057230231544,10.83368700265252,-0.5652286257116961,mature,in_person
RID-000506,32.0,106095.06,30.4,79.7,9,1747.65,1061.48,3,0,4,7,online,east,basic,4521.25,79.7,9,1747.65,194.18333333333334,0.42857142857142855,0.0,0.5714285714285714,1.6464276293477034,57.48848684210527,0.43188972840387274,growing,digital
RID-000274,52.0,92634.76,56.4,26.1,4,663.97,364.39,0,1,6,9,online,north,premium,4409.57,26.1,4,663.97,165.9925,0.0,0.25,0.6666666666666666,1.8221411125442522,11.772517730496455,-1.036147617530112,mature,digital
RID-001198,42.0,98862.29,34.0,59.1,3,437.01,220.75,0,0,3,4,branch,east,basic,3455.72,59.1,3,437.01,145.67,0.0,0.0,0.75,1.9796602491506228,12.853235294117647,-0.3168429098332708,growing,in_person
RID-001597,43.0,98578.03,7.7,10.1,14,2731.19,1773.34,2,1,3,5,online,west,plus,6170.98,10.1,14,2731.19,195.085,0.4,0.07142857142857142,0.6,1.5401389468460647,354.7,4.0047153749110445,new,digital
RID-000363,29.0,93977.22,44.3,34.3,7,1208.31,674.15,0,0,4,6,agent,west,premium,4287.91,34.3,7,1208.31,172.6157142857143,0.0,0.0,0.6666666666666666,1.7923459170807683,27.275620767494356,1.4617432739148806,mature,assisted
RID-001454,53.0,58244.79,57.0,18.8,2,219.54,144.6,1,1,5,8,online,north,plus,2815.32,18.8,2,219.54,109.77,0.125,0.5,0.625,1.5182572614107883,3.851578947368421,-3.4016790003346133,mature,digital
RID-000623,55.0,76378.54,40.2,26.2,6,923.16,665.88,0,0,4,6,online,west,basic,4336.37,26.2,6,923.16,153.85999999999999,0.0,0.0,0.6666666666666666,1.386375923589836,22.96417910447761,1.3088385906583748,mature,digital
RID-000003,49.0,51480.98,32.2,22.1,6,655.07,450.49,1,0,2,5,online,east,basic,2626.94,22.1,6,655.07,109.17833333333334,0.2,0.0,0.4,1.454127727585518,20.343788819875776,-0.007563294222335926,growing,digital
RID-000007,18.0,73576.45,36.8,24.1,9,810.73,678.65,1,1,3,4,online,south,basic,4431.39,24.1,9,810.73,90.08111111111111,0.25,0.1111111111111111,0.75,1.1946216753849555,22.030706521739134,2.255918875343654,mature,digital
RID-001002,47.0,108333.35,41.5,39.6,3,712.66,374.32,0,0,3,6,agent,north,plus,4336.74,39.6,3,712.66,237.5533333333333,0.0,0.0,0.5,1.90387903398162,17.172530120481927,-1.1090618514292108,mature,assisted
RID-000312,48.0,59140.59,48.2,31.4,8,1361.76,830.47,0,2,4,6,online,south,premium,3522.71,31.4,8,1361.76,170.22,0.0,0.25,0.6666666666666666,1.639746167832673,28.252282157676348,0.3403862178033339,mature,digital
RID-001218,46.0,82624.9,15.0,105.8,8,898.36,475.29,0,1,3,4,branch,east,plus,3884.37,105.8,8,898.36,112.295,0.0,0.125,0.75,1.8901302362767993,59.89066666666667,-0.5196904627549467,growing,in_person
RID-000927,30.0,50822.61,26.1,1.8,8,826.12,477.57,0,0,2,3,agent,south,premium,3728.16,1.8,8,826.12,103.265,0.0,0.0,0.6666666666666666,1.7298406516322216,31.652107279693485,2.7606093281559385,growing,assisted
RID-000666,40.0,43448.12,64.0,36.4,9,1227.03,857.11,1,0,6,9,agent,west,basic,3920.02,36.4,9,1227.03,136.33666666666667,0.1111111111111111,0.0,0.6666666666666666,1.431589877611975,19.17234375,2.165534298824005,mature,assisted
RID-000365,41.0,90931.08,12.4,95.2,10,226.18,198.52,0,0,1,3,agent,north,enterprise,2906.76,95.2,10,226.18,22.618000000000002,0.0,0.0,0.3333333333333333,1.1393310497682854,18.240322580645163,-0.902760259124137,growing,assisted
RID-001773,45.0,84455.68,30.7,82.7,7,554.7,343.53,1,1,3,5,online,east,basic,4053.03,82.7,7,554.7,79.24285714285715,0.2,0.14285714285714285,0.6,1.6147061392018167,18.06840390879479,-1.1679778592443275,growing,digital
RID-000216,34.0,75649.36,36.6,71.6,8,1967.26,1154.97,0,0,3,5,agent,east,premium,5271.27,71.6,8,1967.26,245.9075,0.0,0.0,0.6,1.7032996528048348,53.75027322404372,0.4324272288574136,mature,assisted
RID-001739,57.0,97264.81,27.3,49.9,6,1065.61,895.42,0,1,2,5,agent,north,basic,4594.91,49.9,6,1065.61,177.60166666666666,0.0,0.16666666666666666,0.4,1.19006723102008,39.03333333333333,-1.8487322740126284,growing,assisted
RID-000028,41.0,76723.58,28.5,45.2,6,1154.48,688.9,0,0,2,5,online,north,plus,3859.63,45.2,6,1154.48,192.41333333333333,0.0,0.0,0.4,1.6758310349833068,40.5080701754386,-0.6595757984032018,growing,digital
RID-001573,30.0,89974.2,36.1,26.7,8,96.61,78.16,0,0,2,4,online,south,premium,3344.11,26.7,8,96.61,12.07625,0.0,0.0,0.5,1.2360542476970318,2.6761772853185595,1.1627112498428525,mature,digital
RID-000526,44.0,53044.61,34.5,53.8,7,1254.24,1036.02,0,0,2,5,online,south,basic,3308.07,53.8,7,1254.24,179.17714285714285,0.0,0.0,0.4,1.2106329993629468,36.35478260869565,-0.5207839399125155,growing,digital
RID-001651,35.0,104600.8,64.8,53.0,5,1241.47,898.07,2,1,5,6,branch,south,basic,5674.49,53.0,5,1241.47,248.294,0.3333333333333333,0.2,0.8333333333333334,1.382375538655116,19.15848765432099,-0.20185696364993655,mature,in_person
RID-000947,55.0,84246.87,29.1,66.0,4,839.2,674.79,0,0,4,5,online,west,basic,4204.34,66.0,4,839.2,209.8,0.0,0.0,0.8,1.2436461714014733,28.83848797250859,0.13845637435378344,growing,digital
RID-000639,40.0,65734.8,50.6,50.8,5,995.39,674.08,0,1,5,6,agent,north,basic,3656.75,50.8,5,995.39,199.078,0.0,0.2,0.8333333333333334,1.4766644908616187,19.671739130434784,-0.13976053468033023,mature,assisted
RID-000303,37.0,82031.71,35.2,81.6,12,3182.68,1735.96,0,0,3,6,partner,west,basic,5652.97,81.6,12,3182.68,265.2233333333333,0.0,0.0,0.5,1.8333832576787483,90.41704545454544,1.1392528684069934,growing,assisted
RID-000719,32.0,77000.84,25.6,50.6,11,1238.82,647.23,0,0,2,4,online,north,plus,4430.16,50.6,11,1238.82,112.61999999999999,0.0,0.0,0.5,1.914033651097755,48.391406249999996,1.6327155594250256,growing,digital
RID-000692,64.0,92886.75,45.8,59.9,5,660.15,361.8,1,2,4,7,partner,west,basic,3554.24,59.9,5,660.15,132.03,0.14285714285714285,0.4,0.5714285714285714,1.8246268656716416,14.413755458515285,-3.0709624034665386,mature,assisted
RID-001717,40.0,63636.02,37.2,106.1,4,518.74,330.82,1,0,2,3,partner,south,plus,3622.5,106.1,4,518.74,129.685,0.3333333333333333,0.0,0.6666666666666666,1.568043044555952,13.944623655913977,-1.7094556958451657,mature,assisted
RID-001224,41.0,91723.96,14.7,6.8,12,2844.68,1662.33,0,0,1,4,agent,east,premium,5880.35,6.8,12,2844.68,237.05666666666664,0.0,0.0,0.25,1.7112607003422906,193.5156462585034,1.907912345910702,growing,assisted
RID-000625,40.0,78892.3,28.4,16.3,13,1896.18,1291.38,0,0,2,5,partner,east,premium,4771.39,16.3,13,1896.18,145.86,0.0,0.0,0.4,1.4683361984853411,66.7669014084507,2.8268725843006557,growing,assisted
RID-000008,50.0,74062.47,54.8,140.2,4,584.94,440.15,0,0,4,6,online,south,plus,3492.95,140.2,4,584.94,146.235,0.0,0.0,0.6666666666666666,1.3289560377144158,10.674087591240877,-2.6719503448740625,mature,digital
RID-000257,46.0,96505.82,51.8,78.0,8,1619.26,1396.19,1,0,4,7,agent,north,basic,4776.52,78.0,8,1619.26,202.4075,0.14285714285714285,0.0,0.5714285714285714,1.1597705183391944,31.259845559845562,0.09834088814487613,mature,assisted
RID-000804,23.0,106100.25,37.5,9.3,9,1771.79,1058.23,1,1,3,4,agent,north,plus,5482.6,9.3,9,1771.79,196.86555555555555,0.25,0.1111111111111111,0.75,1.6742957580110183,47.24773333333333,2.6736584884119146,mature,assisted
RID-000026,46.0,107971.01,33.4,17.8,3,670.18,348.34,0,0,3,4,online,west,enterprise,4659.26,17.8,3,670.18,223.39333333333332,0.0,0.0,0.75,1.9239249009588333,20.065269461077843,0.848876415823429,growing,digital
RID-000337,56.0,80950.98,53.9,60.9,6,817.17,661.08,0,0,5,8,branch,east,plus,3703.81,60.9,6,817.17,136.195,0.0,0.0,0.625,1.2361136322381556,15.160853432282003,0.10563870066667669,mature,in_person
RID-000573,48.0,53679.04,33.9,83.4,9,1421.73,1047.2,0,0,3,6,online,south,plus,4176.71,83.4,9,1421.73,157.97,0.0,0.0,0.5,1.3576489686783804,41.938938053097345,-0.05615063413830779,growing,digital
RID-000048,23.0,57187.72,37.7,113.0,9,1840.58,1174.63,1,0,3,4,branch,east,plus,4303.87,113.0,9,1840.58,204.5088888888889,0.25,0.0,0.75,1.5669444846462288,48.82175066312997,0.4509892471880761,mature,in_person
RID-001332,40.0,83144.15,46.0,44.3,8,1435.42,941.19,2,1,2,4,agent,south,plus,4138.98,44.3,8,1435.42,179.4275,0.5,0.125,0.5,1.5251118265174939,31.204782608695655,-0.12643212402203957,mature,assisted
RID-000107,58.0,75071.59,38.9,23.7,3,778.53,520.34,0,1,3,5,partner,east,basic,3957.52,23.7,3,778.53,259.51,0.0,0.3333333333333333,0.6,1.4961947957104968,20.013624678663238,-2.23621822651243,mature,assisted
RID-000350,39.0,81937.26,22.8,92.6,10,1682.32,1475.67,1,0,2,3,partner,east,enterprise,4598.8,92.6,10,1682.32,168.232,0.3333333333333333,0.0,0.6666666666666666,1.1400380843955626,73.78596491228069,0.9607852396086647,growing,assisted
RID-000056,43.0,91011.88,45.6,30.3,12,2476.59,1416.24,0,2,4,7,online,east,plus,5420.41,30.3,12,2476.59,206.38250000000002,0.0,0.16666666666666666,0.5714285714285714,1.748707846127775,54.31118421052632,1.914338225844478,mature,digital
RID-000239,49.0,76600.23,35.8,111.3,4,742.98,505.19,0,0,2,3,online,east,basic,2986.71,111.3,4,742.98,185.745,0.0,0.0,0.6666666666666666,1.4706941942635445,20.753631284916203,-1.8562290734096893,growing,digital
RID-000214,52.0,85107.46,6.5,49.9,12,2001.87,1620.56,0,0,1,3,online,north,basic,4102.72,49.9,12,2001.87,166.8225,0.0,0.0,0.3333333333333333,1.235295206595251,307.97999999999996,1.1389265535846866,new,digital
RID-000121,56.0,57260.73,37.3,3.4,7,1398.87,880.7,0,1,3,5,online,south,basic,4036.71,3.4,7,1398.87,199.8385714285714,0.0,0.14285714285714285,0.6,1.5883615306006584,37.503217158176945,1.0703161486146624,mature,digital
RID-001133,37.0,56951.95,25.1,82.9,1,237.64,198.48,1,1,1,4,online,west,enterprise,2606.81,82.9,1,237.64,237.64,0.25,1.0,0.25,1.1972994760177347,9.467729083665338,-10.775892009401996,growing,digital
RID-001031,41.0,70780.15,40.2,38.6,10,1867.67,976.12,1,0,4,5,partner,south,basic,4958.6,38.6,10,1867.67,186.767,0.2,0.0,0.8,1.913361062164488,46.459452736318404,3.201033838297399,mature,assisted
RID-000794,18.0,61247.58,14.5,19.4,10,1217.7,670.45,0,0,2,5,agent,east,plus,3375.76,19.4,10,1217.7,121.77000000000001,0.0,0.0,0.4,1.8162428219852338,83.9793103448276,1.5947757373642237,growing,assisted
RID-000073,38.0,75142.16,29.5,64.5,8,1185.47,948.8,1,1,3,4,branch,east,premium,4443.43,64.5,8,1185.47,148.18375,0.25,0.125,0.75,1.249441399662732,40.18542372881356,0.6460288629017529,growing,in_person
RID-000923,54.0,37388.73,38.1,26.2,10,1373.1,746.21,2,0,3,5,online,north,premium,3593.8,26.2,10,1373.1,137.31,0.4,0.0,0.6,1.8400986317524555,36.039370078740156,2.4769366065194007,mature,digital
RID-000813,49.0,93600.07,32.4,27.4,10,1314.09,710.55,1,0,2,3,online,north,plus,4904.78,27.4,10,1314.09,131.409,0.3333333333333333,0.0,0.6666666666666666,1.8493983533882203,40.55833333333333,2.8010975890715413,growing,digital
RID-001555,47.0,21456.12,20.6,33.3,8,550.07,416.64,2,1,3,5,agent,west,basic,2835.18,33.3,8,550.07,68.75875,0.4,0.125,0.6,1.3202524961597544,26.70242718446602,0.7210976638111536,growing,assisted
RID-000078,28.0,83112.13,30.8,48.1,4,762.89,424.26,1,1,3,5,branch,east,plus,3780.48,48.1,4,762.89,190.7225,0.2,0.25,0.6,1.7981662188280771,24.769155844155843,-2.0151436692162825,growing,in_person
RID-000945,44.0,53817.14,35.6,43.9,7,1426.38,868.48,0,1,3,6,online,south,basic,3603.48,43.9,7,1426.38,203.76857142857145,0.0,0.14285714285714285,0.5,1.6423866985998528,40.06685393258427,-0.6098703004018876,growing,digital
RID-001297,45.0,78717.09,60.0,50.4,4,700.89,587.92,3,0,4,7,online,north,basic,3698.51,50.4,4,700.89,175.2225,0.42857142857142855,0.0,0.5714285714285714,1.1921519934684992,11.6815,-0.6487609626330153,mature,digital
RID-000046,37.0,64665.66,14.3,67.4,8,1780.13,1150.88,0,1,1,3,agent,east,premium,4028.71,67.4,8,1780.13,222.51625,0.0,0.125,0.3333333333333333,1.5467555262060335,124.48461538461538,-1.6735240331781758,growing,assisted
RID-001510,22.0,65244.43,18.9,71.2,6,266.96,184.87,1,0,1,2,online,west,basic,2849.81,71.2,6,266.96,44.49333333333333,0.5,0.0,0.5,1.4440417590739436,14.124867724867725,-0.8563950432406595,growing,digital
RID-000524,34.0,59809.73,21.4,38.1,10,1130.55,967.77,1,2,3,5,online,west,basic,3216.75,38.1,10,1130.55,113.05499999999999,0.2,0.2,0.6,1.168201122167457,52.82943925233645,0.8732562697200269,growing,digital
RID-000233,42.0,33685.61,41.0,69.5,8,470.39,418.97,0,0,4,6,partner,west,premium,3158.75,69.5,8,470.39,58.79875,0.0,0.0,0.6666666666666666,1.1227295510418407,11.472926829268292,0.8497328548639635,mature,assisted
RID-000645,37.0,114379.28,50.5,45.1,7,503.06,412.59,1,0,4,5,online,south,premium,4963.59,45.1,7,503.06,71.86571428571429,0.2,0.0,0.8,1.219273370658523,9.961584158415842,1.8729697829533933,mature,digital
RID-001323,48.0,64413.23,39.6,147.2,6,1088.61,814.94,3,0,3,6,partner,south,basic,3784.64,147.2,6,1088.61,181.43499999999997,0.5,0.0,0.5,1.3358161337030945,27.49015151515151,-3.0015444076452393,mature,assisted
RID-001359,57.0,36367.29,33.0,39.5,6,1190.43,755.03,1,0,3,5,partner,north,basic,3627.44,39.5,6,1190.43,198.405,0.2,0.0,0.6,1.5766658278479002,36.07363636363637,0.5754056898974653,growing,assisted
RID-001080,51.0,102496.29,2.3,56.0,9,1353.45,872.89,0,0,0,1,agent,east,premium,4558.03,56.0,9,1353.45,150.38333333333333,0.0,0.0,0.0,1.5505390140796664,588.4565217391305,-1.9680060518972025,new,assisted
RID-000534,30.0,106446.93,35.9,56.3,5,841.7,561.25,1,1,2,5,agent,west,premium,4000.47,56.3,5,841.7,168.34,0.2,0.2,0.4,1.4996881959910915,23.445682451253486,-2.6222080600400473,growing,assisted
RID-001557,48.0,110931.58,58.1,36.7,6,1296.28,776.36,0,1,4,6,agent,north,basic,4943.0,36.7,6,1296.28,216.04666666666665,0.0,0.16666666666666666,0.6666666666666666,1.6696893193879128,22.31118760757315,-0.04402665223455959,mature,assisted
RID-001360,43.0,92137.89,31.4,28.3,8,1399.81,827.82,1,1,2,4,branch,east,premium,4991.71,28.3,8,1399.81,174.97625,0.25,0.125,0.5,1.690959387306419,44.57993630573248,0.32517826848418785,growing,in_person
RID-000604,31.0,53035.73,40.3,67.3,6,1277.11,801.62,1,0,2,3,online,south,plus,4030.85,67.3,6,1277.11,212.85166666666666,0.3333333333333333,0.0,0.6666666666666666,1.5931613482697535,31.690074441687344,0.14876439490800297,mature,digital
RID-000466,41.0,85767.77,14.7,15.9,3,567.29,500.08,1,2,0,3,online,north,basic,2833.76,15.9,3,567.29,189.09666666666666,0.3333333333333333,0.6666666666666666,0.0,1.1343984962406015,38.59115646258503,-7.3513358636980595,growing,digital
RID-001533,32.0,39536.95,46.6,32.4,5,1207.06,795.17,1,1,3,5,branch,south,premium,2814.6,32.4,5,1207.06,241.41199999999998,0.2,0.2,0.6,1.517989863802709,25.902575107296137,-0.8735197502635466,mature,in_person
RID-000789,48.0,107950.73,26.9,116.3,6,1077.91,779.74,0,1,2,3,branch,west,enterprise,4313.81,116.3,6,1077.91,179.65166666666667,0.0,0.16666666666666666,0.6666666666666666,1.3823966963346757,40.071003717472124,-2.2907883549530412,growing,in_person
RID-001527,22.0,89254.28,46.4,96.8,8,749.65,603.07,0,1,4,7,partner,north,premium,3938.06,96.8,8,749.65,93.70625,0.0,0.125,0.5714285714285714,1.2430563616163959,16.15625,-1.2246732651579828,mature,assisted
RID-001262,31.0,111793.09,42.0,89.3,7,1166.34,968.76,1,0,4,7,agent,west,enterprise,5204.57,89.3,7,1166.34,166.61999999999998,0.14285714285714285,0.0,0.5714285714285714,1.2039514430818778,27.77,-0.6021413960254303,mature,assisted
RID-001199,41.0,46888.11,33.6,71.3,9,1610.98,1192.32,1,0,4,5,online,south,enterprise,4141.11,71.3,9,1610.98,178.99777777777777,0.2,0.0,0.8,1.351130568974772,47.94583333333333,1.8965226541500129,growing,digital
RID-000061,34.0,71035.4,38.8,56.2,7,797.76,597.5,0,0,3,5,partner,south,basic,3823.42,56.2,7,797.76,113.96571428571428,0.0,0.0,0.6,1.335163179916318,20.560824742268043,0.48556978718187377,mature,assisted
RID-001177,35.0,100760.49,58.6,46.3,10,1620.99,1230.82,2,0,5,7,branch,east,plus,5414.26,46.3,10,1620.99,162.099,0.2857142857142857,0.0,0.7142857142857143,1.3170000487479891,27.661945392491468,2.523369785773638,mature,in_person
RID-001714,32.0,79428.05,34.6,66.1,7,714.57,536.43,0,1,4,5,online,east,plus,4059.44,66.1,7,714.57,102.08142857142857,0.0,0.14285714285714285,0.8,1.332084335328002,20.652312138728323,0.3746632089512079,growing,digital
RID-000093,60.0,86796.46,31.2,130.0,7,1057.33,616.26,0,0,2,3,branch,north,basic,3735.38,130.0,7,1057.33,151.04714285714286,0.0,0.0,0.6666666666666666,1.7157206373933078,33.88878205128205,-1.2394513862629926,growing,in_person
RID-000667,33.0,107698.96,36.9,72.8,7,483.25,355.38,0,0,4,6,online,west,premium,4476.2,72.8,7,483.25,69.03571428571429,0.0,0.0,0.6666666666666666,1.3598120321908942,13.09620596205962,0.3750557669467708,mature,digital
RID-000986,18.0,86148.89,34.0,78.8,11,2323.47,1178.36,0,1,3,5,agent,south,basic,6044.62,78.8,11,2323.47,211.22454545454545,0.0,0.09090909090909091,0.6,1.9717828167962252,68.33735294117646,0.7975293822666583,growing,assisted
RID-001674,42.0,71277.0,35.2,25.8,11,1513.44,1268.52,2,0,4,7,agent,north,plus,4499.93,25.8,11,1513.44,137.58545454545455,0.2857142857142857,0.0,0.5714285714285714,1.1930753949484438,42.99545454545454,2.7163171270847934,growing,assisted
RID-000195,40.0,95531.44,43.6,12.6,3,523.45,398.85,3,0,4,6,agent,west,basic,4064.34,12.6,3,523.45,174.48333333333335,0.5,0.0,0.6666666666666666,1.3123981446659145,12.005733944954128,0.5481100909003176,mature,assisted
RID-000281,32.0,80998.53,37.2,13.7,2,204.59,177.56,0,0,4,7,branch,east,plus,2849.76,13.7,2,204.59,102.295,0.0,0.0,0.5714285714285714,1.152230232034242,5.499731182795698,-0.3759445137474231,mature,in_person
RID-000696,40.0,64773.52,71.5,22.3,8,2183.54,1197.95,0,0,6,7,agent,east,basic,6166.22,22.3,8,2183.54,272.9425,0.0,0.0,0.8571428571428571,1.8227304979339705,30.53902097902098,3.2049314041576427,mature,assisted
RID-000991,38.0,96586.36,50.8,101.9,8,818.83,680.37,1,0,4,5,partner,west,basic,4244.21,101.9,8,818.83,102.35375,0.2,0.0,0.8,1.2035069153548805,16.118700787401576,0.6512853340190692,mature,assisted
RID-000360,38.0,49947.78,34.8,65.2,6,1432.31,981.1,2,0,4,5,online,east,premium,4249.61,65.2,6,1432.31,238.71833333333333,0.4,0.0,0.8,1.4599021506472325,41.15833333333334,0.9241017829046616,growing,digital
RID-001560,50.0,83313.47,56.7,34.6,7,994.28,537.29,0,0,5,6,online,west,basic,4323.0,34.6,7,994.28,142.04,0.0,0.0,0.8333333333333334,1.8505462599341138,17.535802469135803,2.348354984030659,mature,digital
RID-000520,49.0,65734.59,35.1,24.9,10,1371.2,846.5,2,3,3,5,online,north,plus,4691.79,24.9,10,1371.2,137.12,0.4,0.3,0.6,1.619846426461902,39.065527065527064,0.6119372898512312,growing,digital
RID-001294,44.0,55691.94,24.1,29.8,4,749.75,392.89,3,0,3,4,branch,south,enterprise,3864.1,29.8,4,749.75,187.4375,0.75,0.0,0.75,1.9082949426048004,31.109958506224064,0.8917010659065417,growing,in_person
RID-001205,45.0,109809.21,11.6,62.7,4,498.95,437.72,1,1,2,5,branch,south,plus,3819.54,62.7,4,498.95,124.7375,0.2,0.25,0.4,1.139883944073837,43.01293103448276,-3.5013334383485386,new,in_person
RID-001357,43.0,103710.03,26.5,34.9,3,1144.4,924.25,1,2,3,5,agent,east,enterprise,3968.02,34.9,3,1144.4,381.4666666666667,0.2,0.6666666666666666,0.6,1.2381931295645119,43.18490566037736,-4.665337346888235,growing,assisted
RID-001619,29.0,101150.81,21.5,60.5,8,1246.6,1092.41,0,1,2,3,branch,east,plus,4385.21,60.5,8,1246.6,155.825,0.0,0.125,0.6666666666666666,1.1411466390823957,57.981395348837204,0.3113917585406746,growing,in_person
RID-000848,47.0,61529.5,43.8,21.0,6,1337.13,1148.11,0,1,3,6,branch,south,basic,4301.29,21.0,6,1337.13,222.85500000000002,0.0,0.16666666666666666,0.5,1.1646357927376298,30.528082191780825,-0.49596335956309334,mature,in_person
RID-000183,50.0,84399.71,44.8,115.3,4,1004.15,527.28,0,1,2,5,partner,north,plus,4100.68,115.3,4,1004.15,251.0375,0.0,0.25,0.4,1.9043961462600516,22.4140625,-4.986002603712762,mature,assisted
RID-001229,57.0,88614.58,31.3,13.8,12,1747.75,1315.98,1,1,3,4,online,east,plus,4902.59,13.8,12,1747.75,145.64583333333334,0.25,0.08333333333333333,0.75,1.3280976914542775,55.83865814696485,3.8673230527096756,growing,digital
RID-001789,32.0,64848.8,50.4,18.3,9,958.28,509.48,1,0,4,5,agent,south,basic,4438.21,18.3,9,958.28,106.47555555555556,0.2,0.0,0.8,1.8808981706838344,19.013492063492063,3.3924820793268915,mature,assisted
RID-000111,43.0,76756.28,45.8,103.0,5,847.84,640.24,1,1,3,4,online,east,enterprise,3612.53,103.0,5,847.84,169.568,0.25,0.2,0.75,1.3242534049731352,18.5117903930131,-2.0606791427195326,mature,digital
RID-001103,53.0,84981.5,47.0,88.5,11,2719.7,2122.5,0,0,3,5,online,east,plus,5576.27,88.5,11,2719.7,247.24545454545452,0.0,0.0,0.6,1.2813663133097761,57.86595744680851,1.100011085161061,mature,digital
RID-001335,34.0,44158.43,22.2,17.0,6,763.04,513.07,1,0,1,2,online,south,enterprise,3146.07,17.0,6,763.04,127.17333333333333,0.5,0.0,0.5,1.4872044750229012,34.37117117117117,0.673435161374186,growing,digital
RID-001107,29.0,96221.78,33.0,100.5,9,1798.43,1544.82,1,0,3,6,agent,west,plus,4984.98,100.5,9,1798.43,199.82555555555555,0.16666666666666666,0.0,0.5,1.1641679936821119,54.49787878787879,-0.5388092411293381,growing,assisted
RID-000043,28.0,59385.06,18.8,67.6,5,1542.66,1229.31,1,0,1,2,partner,west,basic,4173.16,67.6,5,1542.66,308.53200000000004,0.5,0.0,0.5,1.254899089733265,82.0563829787234,-1.1363151493895416,growing,assisted
RID-000747,33.0,66892.86,54.5,12.7,3,295.16,239.83,0,0,4,6,branch,south,plus,3595.33,12.7,3,295.16,98.38666666666667,0.0,0.0,0.6666666666666666,1.23070508276696,5.415779816513762,0.5452875259471537,mature,in_person
RID-000126,43.0,63654.48,41.1,58.7,7,951.06,479.55,2,1,3,4,online,south,basic,3804.51,58.7,7,951.06,135.8657142857143,0.5,0.14285714285714285,0.75,1.9832342821395057,23.140145985401457,0.3150091939927567,mature,digital
RID-000205,39.0,65642.35,62.3,18.9,5,580.75,382.27,0,0,6,7,agent,east,premium,4774.4,18.9,5,580.75,116.15,0.0,0.0,0.8571428571428571,1.5192141679964424,9.321829855537722,2.1563012791768656,mature,assisted
RID-001308,56.0,39210.31,23.3,91.5,4,613.96,336.05,3,0,4,5,online,north,premium,2893.29,91.5,4,613.96,153.49,0.6,0.0,0.8,1.8269900312453504,26.35021459227468,-0.5812976887030166,growing,digital
RID-000053,45.0,76878.56,37.0,92.2,7,795.32,491.58,0,0,3,5,agent,south,premium,3608.09,92.2,7,795.32,113.61714285714287,0.0,0.0,0.6,1.6178851865413566,21.495135135135136,-0.5305535959571381,mature,assisted
RID-001402,31.0,90166.12,33.5,5.3,7,1008.25,906.12,1,0,2,5,agent,east,basic,4788.1,5.3,7,1008.25,144.03571428571428,0.2,0.0,0.4,1.112711340661281,30.097014925373134,0.8481600623719865,growing,assisted
RID-000546,42.0,77709.53,22.3,72.5,5,829.87,734.48,2,0,1,4,agent,west,plus,3443.51,72.5,5,829.87,165.974,0.5,0.0,0.25,1.1298741967105979,37.213901345291475,-2.6172399395574786,growing,assisted
RID-000069,39.0,56772.32,17.5,34.4,7,1525.01,1296.91,3,0,1,4,agent,north,basic,3633.56,34.4,7,1525.01,217.85857142857142,0.75,0.0,0.25,1.1758795907194792,87.14342857142857,-0.7787778034764576,growing,assisted
RID-001095,35.0,49336.02,47.1,55.1,5,1147.69,586.44,0,0,3,6,partner,east,plus,3435.06,55.1,5,1147.69,229.538,0.0,0.0,0.5,1.9570459040993111,24.367091295116772,-0.7834945302440517,mature,assisted
RID-001748,42.0,83970.07,11.8,43.1,12,2143.19,1790.67,1,0,2,3,partner,north,plus,4969.28,43.1,12,2143.19,178.59916666666666,0.3333333333333333,0.0,0.6666666666666666,1.1968648606387553,181.62627118644068,3.1210197803503728,new,assisted
RID-000508,45.0,54404.26,9.5,42.9,6,1191.62,770.54,0,0,1,3,online,east,enterprise,3463.88,42.9,6,1191.62,198.60333333333332,0.0,0.0,0.3333333333333333,1.5464739014197835,125.43368421052631,-0.9526885664705396,new,digital
RID-001394,34.0,92371.81,45.9,45.8,5,1512.88,1105.26,1,0,3,4,agent,south,basic,4789.58,45.8,5,1512.88,302.576,0.25,0.0,0.75,1.368800101333623,32.960348583878,0.8216231178630978,mature,assisted
RID-000330,46.0,70026.65,64.2,55.5,12,1923.23,1193.64,1,0,5,7,online,north,plus,5431.89,55.5,12,1923.23,160.26916666666668,0.14285714285714285,0.0,0.7142857142857143,1.6112311919841826,29.956853582554515,3.026758699008124,mature,digital
RID-001048,52.0,79182.72,24.9,40.3,7,1117.29,927.88,0,0,1,4,agent,north,basic,3643.15,40.3,7,1117.29,159.61285714285714,0.0,0.0,0.25,1.204131999827564,44.8710843373494,-0.9453091357131291,growing,assisted
RID-000184,44.0,89982.05,31.8,79.2,7,1156.52,949.17,0,0,3,5,online,south,premium,4138.86,79.2,7,1156.52,165.21714285714285,0.0,0.0,0.6,1.2184540177207455,36.3685534591195,-0.16362015204582814,growing,digital
RID-000138,56.0,35248.79,32.2,48.5,12,3028.39,1674.68,0,0,1,2,branch,east,basic,4346.22,48.5,12,3028.39,252.3658333333333,0.0,0.0,0.5,1.8083395036663719,94.04937888198756,2.073521867904251,growing,in_person
RID-000900,49.0,41566.52,21.2,48.2,7,1847.25,993.35,1,0,2,3,agent,north,basic,3685.76,48.2,7,1847.25,263.89285714285717,0.3333333333333333,0.0,0.6666666666666666,1.859616449388433,87.13443396226415,1.0694067454250953,growing,assisted
RID-000797,38.0,98361.52,19.0,44.2,7,1487.25,836.2,1,1,2,3,agent,east,premium,4031.81,44.2,7,1487.25,212.46428571428572,0.3333333333333333,0.14285714285714285,0.6666666666666666,1.7785816790241569,78.27631578947368,0.2767414097138901,growing,assisted
RID-000133,28.0,65607.51,37.8,34.4,12,1528.99,936.0,0,0,3,5,online,south,plus,5075.25,34.4,12,1528.99,127.41583333333334,0.0,0.0,0.6,1.6335363247863248,40.4494708994709,3.008551169285526,mature,digital
RID-000081,23.0,47020.87,30.0,54.9,5,646.82,404.27,1,0,2,5,agent,north,basic,2985.08,54.9,5,646.82,129.364,0.2,0.0,0.4,1.5999703168674402,21.56066666666667,-1.3148970433228855,growing,assisted
RID-001451,38.0,65207.62,31.1,50.7,6,1001.11,791.88,1,1,3,4,online,west,basic,4347.97,50.7,6,1001.11,166.85166666666666,0.25,0.16666666666666666,0.75,1.2642193261605295,32.190032154340834,0.008353956810126517,growing,digital
RID-000542,42.0,82520.32,38.1,19.8,4,729.06,519.49,2,2,4,7,partner,south,enterprise,3738.58,19.8,4,729.06,182.265,0.2857142857142857,0.5,0.5714285714285714,1.4034148876782997,19.13543307086614,-2.9545438553970227,mature,assisted
RID-001668,52.0,71793.92,23.0,17.2,14,2894.81,2197.74,2,1,2,4,branch,south,premium,5819.71,17.2,14,2894.81,206.77214285714285,0.5,0.07142857142857142,0.5,1.3171758260758781,125.86130434782608,3.2672656202512442,growing,in_person
RID-000984,43.0,46711.52,43.0,52.8,6,833.15,492.25,1,0,3,5,partner,south,premium,2125.56,52.8,6,833.15,138.85833333333332,0.2,0.0,0.6,1.6925342813610968,19.375581395348835,0.20000455112666382,mature,assisted
RID-000166,36.0,56218.97,27.2,52.9,7,1251.69,867.63,1,0,2,3,online,north,plus,4419.92,52.9,7,1251.69,178.81285714285715,0.3333333333333333,0.0,0.6666666666666666,1.4426541267591024,46.01801470588236,0.9367461926263911,growing,digital
RID-000249,39.0,34748.62,26.3,32.9,5,886.42,481.79,1,1,2,4,online,west,plus,3000.5,32.9,5,886.42,177.284,0.25,0.2,0.5,1.8398472363477862,33.7041825095057,-1.424680218014528,growing,digital
RID-000447,28.0,80642.66,41.4,26.9,7,1722.95,1271.84,2,1,4,5,partner,east,plus,5032.03,26.9,7,1722.95,246.1357142857143,0.4,0.14285714285714285,0.8,1.3546908416152976,41.61714975845411,1.4811086705914651,mature,assisted
RID-001041,42.0,79458.59,47.6,35.5,7,1053.11,641.88,1,0,5,7,online,east,basic,4678.65,35.5,7,1053.11,150.4442857142857,0.14285714285714285,0.0,0.7142857142857143,1.640664921792235,22.124159663865544,1.6836094673269908,mature,digital
RID-000859,44.0,68212.94,49.1,32.0,9,1678.58,884.81,0,1,5,8,online,east,basic,4768.28,32.0,9,1678.58,186.5088888888889,0.0,0.1111111111111111,0.625,1.8971078536634984,34.18696537678208,1.3616266903122523,mature,digital
RID-001097,55.0,97471.9,26.5,34.9,14,1774.1,1042.12,1,0,2,3,branch,north,plus,5038.68,34.9,14,1774.1,126.72142857142856,0.3333333333333333,0.0,0.6666666666666666,1.7023951176448011,66.94716981132075,4.115534995435381,growing,in_person
RID-000098,52.0,40304.33,40.9,14.5,3,683.64,465.43,1,0,2,4,agent,east,plus,2506.19,14.5,3,683.64,227.88,0.25,0.0,0.5,1.4688352706099734,16.714914425427875,-0.4005980481850664,mature,assisted
RID-001774,54.0,77108.12,25.4,79.8,7,1936.25,1075.3,1,1,1,3,agent,west,basic,5173.11,79.8,7,1936.25,276.60714285714283,0.3333333333333333,0.14285714285714285,0.3333333333333333,1.8006602808518555,76.23031496062993,-2.5182505235630055,growing,assisted
RID-000738,52.0,73985.44,34.5,110.4,6,1355.06,978.79,2,2,3,4,branch,east,basic,3752.89,110.4,6,1355.06,225.84333333333333,0.5,0.3333333333333333,0.75,1.384423625088119,39.277101449275364,-2.733213243039457,growing,in_person
RID-001134,52.0,88341.54,4.2,67.2,3,593.12,466.34,1,0,0,1,partner,south,basic,2278.0,67.2,3,593.12,197.70666666666668,1.0,0.0,0.0,1.2718617317836771,141.21904761904761,-4.573327993428262,new,assisted
RID-000103,29.0,108291.69,38.3,33.8,7,735.02,562.21,1,0,3,4,online,east,premium,3736.2,33.8,7,735.02,105.00285714285714,0.25,0.0,0.75,1.307376247309724,19.1911227154047,1.9233958011683354,mature,digital
RID-000435,35.0,79979.2,21.6,58.3,9,1743.5,1133.74,0,0,2,3,partner,north,premium,4409.41,58.3,9,1743.5,193.72222222222223,0.0,0.0,0.6666666666666666,1.5378305431580432,80.71759259259258,1.5473925740811063,growing,assisted
RID-000075,41.0,56652.06,53.6,32.4,4,611.92,525.18,1,2,5,6,online,west,premium,3921.34,32.4,4,611.92,152.98,0.16666666666666666,0.5,0.8333333333333334,1.1651624205034465,11.41641791044776,-1.9036336888202525,mature,digital
RID-001614,41.0,69973.81,31.7,118.1,2,443.88,358.26,0,0,2,4,online,east,basic,2608.64,118.1,2,443.88,221.94,0.0,0.0,0.5,1.2389884441467092,14.002523659305995,-3.7063077841256726,growing,digital
RID-001088,58.0,56492.21,6.0,44.2,7,1905.17,1325.91,0,0,2,4,online,west,premium,4048.26,44.2,7,1905.17,272.1671428571429,0.0,0.0,0.5,1.4368773144481903,317.52833333333336,0.28722993857638257,new,digital
RID-000919,38.0,85748.27,28.7,90.4,6,803.61,614.38,1,0,3,5,agent,east,basic,4249.33,90.4,6,803.61,133.935,0.2,0.0,0.6,1.3080015625508643,28.000348432055752,-0.8612798712629708,growing,assisted
RID-001546,25.0,77276.92,29.6,78.2,6,1778.05,1411.91,1,1,3,4,partner,south,enterprise,4985.36,78.2,6,1778.05,296.34166666666664,0.25,0.16666666666666666,0.75,1.2593224780616328,60.06925675675675,-0.7678514053099519,growing,assisted
RID-001744,34.0,91561.42,21.7,17.0,11,1084.62,674.97,0,1,2,5,agent,north,plus,4143.54,17.0,11,1084.62,98.60181818181817,0.0,0.09090909090909091,0.4,1.606915862927241,49.98248847926267,1.4677792373516383,growing,assisted
RID-001551,58.0,68533.92,45.6,68.3,8,2014.06,1780.2,2,0,6,8,online,north,basic,4601.42,68.3,8,2014.06,251.7575,0.25,0.0,0.75,1.1313672621053814,44.16798245614035,1.3311433367895658,mature,digital
RID-000763,46.0,45854.41,45.9,31.2,6,1096.2,906.51,0,0,4,5,online,north,enterprise,3944.25,31.2,6,1096.2,182.70000000000002,0.0,0.0,0.8,1.209253069464209,23.88235294117647,1.8837738669803952,mature,digital
RID-000990,18.0,33964.88,44.0,57.9,1,60.0,44.45,2,0,2,4,branch,south,premium,2552.76,57.9,1,60.0,60.0,0.5,0.0,0.5,1.3498312710911136,1.3636363636363635,-2.3886561267837756,mature,in_person
RID-000389,49.0,102775.27,43.2,114.2,6,1429.46,715.09,1,0,3,4,branch,south,basic,4891.64,114.2,6,1429.46,238.24333333333334,0.25,0.0,0.75,1.9989931337314184,33.08935185185185,-0.7274788656382412,mature,in_person
RID-000236,40.0,93857.33,16.5,24.0,10,711.83,495.56,0,1,2,3,branch,north,basic,3543.09,24.0,10,711.83,71.183,0.0,0.1,0.6666666666666666,1.4364153684720318,43.14121212121212,2.263167243792681,growing,in_person
RID-000268,52.0,91072.48,51.3,29.1,5,640.48,374.46,2,1,5,8,agent,east,premium,4113.98,29.1,5,640.48,128.096,0.25,0.2,0.625,1.7104096565721307,12.484990253411308,-0.6461131960628467,mature,assisted
RID-001075,32.0,93062.61,25.6,163.1,11,1961.98,1373.98,2,1,3,4,agent,east,premium,4612.99,163.1,11,1961.98,178.3618181818182,0.5,0.09090909090909091,0.75,1.4279538275666313,76.63984375,-0.7763214087727845,growing,assisted
RID-000118,32.0,48107.14,24.0,83.3,7,1039.31,793.23,1,0,0,3,partner,east,basic,2239.5,83.3,7,1039.31,148.47285714285712,0.3333333333333333,0.0,0.0,1.3102252814442217,43.30458333333333,-3.50163117303652,growing,assisted
RID-001449,44.0,91225.08,59.9,33.4,5,963.09,496.27,1,0,6,8,online,west,enterprise,4415.6,33.4,5,963.09,192.618,0.125,0.0,0.75,1.9406573034839907,16.07829716193656,1.1716211720554242,mature,digital
RID-000674,35.0,86403.17,24.4,20.3,5,903.5,627.75,0,1,1,3,online,south,premium,3494.37,20.3,5,903.5,180.7,0.0,0.2,0.3333333333333333,1.4392672242134608,37.028688524590166,-1.9641164388911436,growing,digital
RID-000250,46.0,57088.41,8.4,69.5,5,914.88,782.62,0,0,0,2,agent,south,plus,2302.33,69.5,5,914.88,182.976,0.0,0.0,0.0,1.1689964478290868,108.91428571428571,-3.8751820984254657,new,assisted
RID-001448,50.0,49445.38,46.5,58.7,2,237.49,177.01,1,0,4,6,branch,south,enterprise,2867.11,58.7,2,237.49,118.745,0.16666666666666666,0.0,0.6666666666666666,1.3416756115473703,5.107311827956989,-1.1346247969710337,mature,in_person
RID-000095,46.0,73733.69,35.9,72.5,5,735.14,536.81,0,1,4,6,online,north,premium,3280.57,72.5,5,735.14,147.028,0.0,0.2,0.6666666666666666,1.369460330470744,20.477437325905292,-1.6473365344921715,growing,digital
RID-000034,56.0,88861.16,24.7,10.6,6,645.64,514.9,0,1,2,3,branch,west,plus,4295.72,10.6,6,645.64,107.60666666666667,0.0,0.16666666666666666,0.6666666666666666,1.2539133812390755,26.13927125506073,0.6926628005412239,growing,in_person
RID-001318,52.0,55380.68,1.0,39.9,7,1406.41,1238.22,0,1,1,4,online,north,basic,2728.41,39.9,7,1406.41,200.9157142857143,0.0,0.14285714285714285,0.25,1.1358320815363991,1406.41,-1.8395868097382355,new,digital
RID-001507,28.0,73551.63,32.5,53.4,6,1216.4,733.91,0,0,3,4,online,east,basic,3912.61,53.4,6,1216.4,202.73333333333335,0.0,0.0,0.75,1.6574239348148958,37.42769230769231,0.9886406258854232,growing,digital
RID-000449,42.0,62612.15,25.4,26.5,10,2186.23,1771.46,2,0,2,3,online,east,plus,4365.8,26.5,10,2186.23,218.623,0.6666666666666666,0.0,0.6666666666666666,1.234140200738374,86.07204724409449,2.826500673650017,growing,digital
RID-000717,43.0,80809.02,12.3,53.9,11,1413.29,1211.22,1,1,2,3,branch,east,premium,3847.34,53.9,11,1413.29,128.48090909090908,0.3333333333333333,0.09090909090909091,0.6666666666666666,1.1668317894354452,114.90162601626015,1.8583798175945825,growing,in_person
RID-001489,53.0,91280.97,73.2,45.1,14,2637.22,2100.97,0,0,7,9,branch,south,basic,6364.52,45.1,14,2637.22,188.37285714285713,0.0,0.0,0.7777777777777778,1.255239246633698,36.0275956284153,4.424352973529508,loyal,in_person
RID-001680,40.0,91381.81,47.0,46.7,4,626.57,313.74,1,0,4,5,partner,south,plus,3872.62,46.7,4,626.57,156.6425,0.2,0.0,0.8,1.997099509147702,13.331276595744681,0.6832114103144202,mature,assisted
RID-000001,37.0,56599.22,36.0,70.9,3,422.82,278.46,0,0,2,3,agent,north,plus,2372.91,70.9,3,422.82,140.94,0.0,0.0,0.6666666666666666,1.5184227537168715,11.745,-1.0974452767942489,growing,assisted
RID-001237,35.0,103131.13,14.6,26.5,9,1525.59,1319.21,0,1,1,4,online,south,enterprise,4240.79,26.5,9,1525.59,169.51,0.0,0.1111111111111111,0.25,1.1564421130828297,104.49246575342465,-0.4970608984580894,growing,digital
RID-000083,49.0,42366.53,40.9,17.7,8,1077.89,692.38,0,0,2,3,online,north,enterprise,3738.82,17.7,8,1077.89,134.73625,0.0,0.0,0.6666666666666666,1.5567896241948065,26.35427872860636,2.311821500602875,mature,digital
RID-001675,44.0,50550.48,52.5,79.3,8,743.63,629.66,1,0,3,6,online,east,plus,3609.28,79.3,8,743.63,92.95375,0.16666666666666666,0.0,0.5,1.1810024457643808,14.164380952380952,-0.3219579155213703,mature,digital
RID-000677,36.0,49967.81,45.3,56.2,6,876.21,544.11,0,0,4,6,branch,north,basic,3288.29,56.2,6,876.21,146.035,0.0,0.0,0.6666666666666666,1.610354523901417,19.342384105960267,0.4620691047091981,mature,in_person
RID-001306,22.0,58476.93,12.2,6.2,8,1760.57,1001.58,0,0,1,4,online,north,plus,3745.55,6.2,8,1760.57,220.07125,0.0,0.0,0.25,1.7577926875536651,144.30901639344262,0.39871795777855157,growing,digital
RID-001047,40.0,81311.94,31.1,30.5,6,455.97,357.52,0,0,3,5,partner,south,premium,3935.48,30.5,6,455.97,75.995,0.0,0.0,0.6,1.2753692101141196,14.661414790996785,0.8294365356822183,growing,assisted
RID-000771,49.0,69603.97,37.2,64.3,5,734.3,467.11,1,1,3,5,agent,south,enterprise,3905.84,64.3,5,734.3,146.85999999999999,0.2,0.2,0.6,1.5720065937359506,19.739247311827953,-1.7739179703228376,mature,assisted
RID-001101,40.0,104985.79,40.2,64.8,7,1204.05,751.2,1,0,4,6,online,west,plus,4806.3,64.8,7,1204.05,172.00714285714284,0.16666666666666666,0.0,0.6666666666666666,1.6028354632587858,29.95149253731343,0.6008609631998845,mature,digital
RID-001169,46.0,57490.29,21.8,131.2,9,812.1,610.49,0,1,2,4,online,west,premium,3349.28,131.2,9,812.1,90.23333333333333,0.0,0.1111111111111111,0.5,1.330242919621943,37.25229357798165,-2.10966729695781,growing,digital
RID-001426,56.0,64447.01,56.4,35.0,7,1714.96,1236.19,0,0,4,6,branch,north,premium,4358.74,35.0,7,1714.96,244.99428571428572,0.0,0.0,0.6666666666666666,1.387294833318503,30.407092198581562,1.441985319242733,mature,in_person
RID-001341,22.0,55596.82,41.8,26.9,8,522.69,286.67,1,1,4,7,branch,south,premium,2948.53,26.9,8,522.69,65.33625,0.14285714285714285,0.125,0.5714285714285714,1.8233160079533959,12.504545454545458,0.7482996371035983,mature,in_person
RID-000405,51.0,76420.58,38.9,17.3,12,1144.19,849.61,0,0,4,5,branch,north,plus,3645.59,17.3,12,1144.19,95.34916666666668,0.0,0.0,0.8,1.346723790915832,29.41362467866324,4.565305062246881,mature,in_person
RID-001559,50.0,88840.84,20.7,55.4,7,1481.85,1301.24,0,0,1,2,branch,north,enterprise,4606.47,55.4,7,1481.85,211.69285714285712,0.0,0.0,0.5,1.1387983769327716,71.58695652173913,-0.028897336177976518,growing,in_person
RID-001171,31.0,69830.96,36.4,70.7,4,1077.45,892.07,0,0,4,6,partner,north,premium,3781.27,70.7,4,1077.45,269.3625,0.0,0.0,0.6666666666666666,1.2078088042418196,29.600274725274726,-0.7102677024251374,mature,assisted
RID-000105,44.0,64887.96,24.4,75.9,10,940.02,602.19,2,0,3,6,partner,west,enterprise,4367.36,75.9,10,940.02,94.002,0.3333333333333333,0.0,0.5,1.5610023414536938,38.52540983606558,0.5370741818117698,growing,assisted
RID-000689,55.0,57532.87,25.6,30.8,6,1207.01,667.41,0,0,2,5,agent,north,plus,3387.74,30.8,6,1207.01,201.16833333333332,0.0,0.0,0.4,1.8084985241455778,47.148828124999994,-0.2531264451475971,growing,assisted
RID-001176,29.0,76226.4,19.9,124.1,11,2372.04,1661.82,1,0,2,3,online,east,plus,4264.16,124.1,11,2372.04,215.64,0.3333333333333333,0.0,0.6666666666666666,1.427374805935661,119.19798994974875,0.4532097238248127,growing,digital
RID-000827,49.0,68000.46,35.5,33.8,10,2604.31,1949.27,2,0,2,3,agent,west,basic,4923.11,33.8,10,2604.31,260.431,0.6666666666666666,0.0,0.6666666666666666,1.3360437497114304,73.36084507042253,2.6204534320690502,growing,assisted
RID-000063,27.0,88238.65,37.8,108.8,10,1676.72,1221.18,0,1,5,6,online,west,plus,4789.48,108.8,10,1676.72,167.672,0.0,0.1,0.8333333333333334,1.3730326405607691,44.35767195767196,0.7647115684849459,mature,digital
RID-000853,44.0,58046.51,19.6,56.0,6,971.16,642.34,0,1,1,2,agent,east,basic,2654.51,56.0,6,971.16,161.85999999999999,0.0,0.16666666666666666,0.5,1.511909580595946,49.548979591836726,-1.4838610931704659,growing,assisted
RID-001587,30.0,67491.48,45.4,98.4,10,2197.68,1165.96,1,0,4,5,branch,west,basic,4779.32,98.4,10,2197.68,219.76799999999997,0.2,0.0,0.8,1.884867405399842,48.40704845814978,1.5131399963053735,mature,in_person
RID-000224,55.0,54952.16,43.1,39.8,7,1031.09,716.37,1,0,2,5,online,south,basic,4106.65,39.8,7,1031.09,147.29857142857142,0.2,0.0,0.4,1.4393260465960327,23.923201856148488,-0.1256248464695664,mature,digital
RID-000146,34.0,56753.72,18.1,56.7,4,428.14,367.4,0,1,2,4,agent,west,basic,3293.93,56.7,4,428.14,107.035,0.0,0.25,0.5,1.165323897659227,23.654143646408837,-2.794931898173542,growing,assisted
RID-001089,37.0,94514.1,36.0,29.1,6,1050.56,880.88,0,0,3,4,online,east,basic,4688.22,29.1,6,1050.56,175.09333333333333,0.0,0.0,0.75,1.19262555626192,29.182222222222222,1.6745239095042561,growing,digital
RID-000374,46.0,56658.45,26.5,29.8,3,777.82,525.62,0,0,4,7,online,north,basic,4041.22,29.8,3,777.82,259.27333333333337,0.0,0.0,0.5714285714285714,1.4798143145238005,29.35169811320755,-0.44884502674403093,growing,digital
RID-001277,30.0,133346.82,46.1,12.1,8,1697.06,1507.9,1,0,4,5,agent,south,enterprise,5810.62,12.1,8,1697.06,212.1325,0.2,0.0,0.8,1.1254459844817295,36.812581344902384,3.185948661960271,mature,assisted
RID-001645,40.0,84877.25,30.3,114.4,8,1898.28,1141.0,0,0,3,4,branch,east,plus,5061.38,114.4,8,1898.28,237.285,0.0,0.0,0.75,1.6636985100788781,62.64950495049505,0.029940893380997702,growing,in_person
RID-001346,58.0,45155.55,26.1,49.5,9,1109.65,741.47,1,0,2,4,partner,north,plus,3092.6,49.5,9,1109.65,123.29444444444445,0.25,0.0,0.5,1.4965541424467612,42.515325670498086,0.9006988849842618,growing,assisted
RID-001647,35.0,36034.47,28.1,13.1,1,304.09,162.16,0,1,3,5,online,south,plus,2244.19,13.1,1,304.09,304.09,0.0,1.0,0.6,1.8752466699555992,10.82170818505338,-6.926074921645512,growing,digital
RID-001147,28.0,118220.21,54.2,38.0,4,491.58,267.64,1,0,5,8,online,north,plus,4261.76,38.0,4,491.58,122.895,0.125,0.0,0.625,1.8367209684651025,9.069741697416973,-0.011058813984352156,mature,digital
RID-000010,40.0,53563.67,27.3,36.9,7,753.46,390.4,1,2,2,4,agent,east,premium,3234.96,36.9,7,753.46,107.63714285714286,0.25,0.2857142857142857,0.5,1.9299692622950821,27.5992673992674,-1.317858687518175,growing,assisted
RID-000450,45.0,81437.4,44.2,19.3,8,1015.92,685.05,1,0,3,6,agent,south,basic,4454.51,19.3,8,1015.92,126.99,0.16666666666666666,0.0,0.5,1.4829866433107073,22.98461538461538,1.3715810563769826,mature,assisted
RID-000709,50.0,78275.8,43.9,62.5,7,1378.26,915.77,2,1,5,7,online,west,basic,4419.01,62.5,7,1378.26,196.8942857142857,0.2857142857142857,0.14285714285714285,0.7142857142857143,1.5050285552049096,31.395444191343966,0.015948996134969973,mature,digital
RID-000256,44.0,79997.37,22.8,86.1,7,996.52,786.95,2,1,2,5,branch,south,plus,3528.06,86.1,7,996.52,142.35999999999999,0.4,0.14285714285714285,0.4,1.2663066268504988,43.70701754385965,-2.3380403536222243,growing,in_person
RID-000883,35.0,39347.92,23.0,19.3,6,797.5,446.04,0,0,3,4,agent,west,premium,3688.57,19.3,6,797.5,132.91666666666666,0.0,0.0,0.75,1.7879562371087794,34.67391304347826,1.9511352749143205,growing,assisted
RID-000390,41.0,59913.6,34.2,121.1,7,1006.03,894.21,0,0,2,4,online,south,enterprise,2428.55,121.1,7,1006.03,143.71857142857144,0.0,0.0,0.5,1.1250489258675254,29.416081871345025,-1.883322510406673,growing,digital
RID-000909,31.0,70583.65,17.5,12.0,10,630.36,543.1,0,0,1,4,online,east,premium,3228.91,12.0,10,630.36,63.036,0.0,0.0,0.25,1.1606702264776283,36.02057142857143,0.9980740794206111,growing,digital
RID-000925,38.0,79501.58,50.5,93.0,5,894.58,723.9,1,0,4,7,agent,west,plus,3908.74,93.0,5,894.58,178.916,0.14285714285714285,0.0,0.5714285714285714,1.235778422434038,17.714455445544555,-1.4696411882180627,mature,assisted
RID-001539,32.0,65136.09,55.7,97.8,6,639.65,374.58,2,1,4,7,online,west,plus,4074.98,97.8,6,639.65,106.60833333333333,0.2857142857142857,0.16666666666666666,0.5714285714285714,1.7076458967376795,11.483842010771992,-2.2800877843178693,mature,digital
RID-001602,50.0,93816.52,30.9,47.2,9,608.57,405.51,0,0,2,4,online,west,basic,4148.4,47.2,9,608.57,67.61888888888889,0.0,0.0,0.5,1.500752139281399,19.694822006472496,0.9656178789070319,growing,digital
RID-000461,18.0,83846.11,45.1,54.8,10,1466.74,1301.42,0,0,3,5,agent,north,premium,4347.51,54.8,10,1466.74,146.674,0.0,0.0,0.6,1.1270304744048807,32.5219512195122,1.6696830299145191,mature,assisted
RID-001146,48.0,37520.65,70.3,12.6,5,169.05,135.72,1,0,6,9,online,south,basic,2401.19,12.6,5,169.05,33.81,0.1111111111111111,0.0,0.6666666666666666,1.245579133510168,2.404694167852063,1.3111749798258845,mature,digital
RID-000959,42.0,52792.13,47.3,75.4,4,531.21,321.48,0,0,3,4,online,east,premium,2999.27,75.4,4,531.21,132.8025,0.0,0.0,0.75,1.6523889511011571,11.230655391120509,-0.39538855273620666,mature,digital
RID-000502,26.0,86425.61,14.9,15.1,7,1412.55,1241.83,0,1,1,4,agent,south,basic,3957.71,15.1,7,1412.55,201.79285714285714,0.0,0.14285714285714285,0.25,1.1374745335512912,94.80201342281879,-1.1395907013535829,growing,assisted
RID-000740,37.0,61653.81,35.0,109.4,6,1409.64,1153.77,0,1,2,3,online,east,premium,3986.21,109.4,6,1409.64,234.94000000000003,0.0,0.16666666666666666,0.6666666666666666,1.2217686367300242,40.27542857142858,-2.0960313731847307,growing,digital
RID-001665,64.0,50779.04,32.8,19.4,7,534.9,447.11,1,0,3,4,online,north,basic,3477.67,19.4,7,534.9,76.41428571428571,0.25,0.0,0.75,1.1963498915255752,16.307926829268293,2.32984515442394,growing,digital
RID-000869,24.0,84897.14,11.6,89.8,7,1052.82,863.11,0,0,0,1,online,north,basic,2993.28,89.8,7,1052.82,150.40285714285713,0.0,0.0,0.0,1.2197981717278215,90.76034482758621,-3.6850978949921744,new,digital
RID-000732,44.0,82128.62,29.0,35.0,4,348.23,191.39,0,0,1,4,branch,east,premium,3112.74,35.0,4,348.23,87.0575,0.0,0.0,0.25,1.8194785516484666,12.007931034482759,-1.9403105265837919,growing,in_person
RID-000540,32.0,73323.0,6.9,97.9,3,92.72,76.23,0,2,0,1,agent,south,basic,1922.5,97.9,3,92.72,30.906666666666666,0.0,0.6666666666666666,0.0,1.2163190345008525,13.43768115942029,-9.665839125292475,new,assisted
RID-000698,43.0,34795.42,34.4,73.5,7,1070.7,588.21,2,0,2,4,branch,south,premium,3147.36,73.5,7,1070.7,152.95714285714286,0.5,0.0,0.5,1.820268271535676,31.125000000000004,-0.5397815927006464,growing,in_person
RID-001253,56.0,106172.89,22.2,65.1,8,240.56,176.43,1,1,4,7,online,west,premium,3802.17,65.1,8,240.56,30.07,0.14285714285714285,0.125,0.5714285714285714,1.3634869353284589,10.836036036036036,-0.3299201750050197,growing,digital
RID-001238,46.0,70223.8,34.2,17.4,6,1042.05,719.78,2,0,2,4,partner,west,plus,4005.73,17.4,6,1042.05,173.67499999999998,0.5,0.0,0.5,1.447734029842452,30.46929824561403,0.6621449015615303,growing,assisted
RID-001032,44.0,95198.39,31.5,94.5,4,967.4,671.76,1,0,2,4,branch,west,premium,3059.83,94.5,4,967.4,241.85,0.25,0.0,0.5,1.4400976539240204,30.711111111111112,-2.27711756625342,growing,in_person
RID-000373,28.0,83422.12,30.8,13.5,4,817.51,707.66,2,0,2,3,online,south,enterprise,4584.85,13.5,4,817.51,204.3775,0.6666666666666666,0.0,0.6666666666666666,1.1552299126699264,26.542532467532467,0.9042394507846259,growing,digital
RID-000668,41.0,113308.44,39.1,38.0,10,1652.5,1361.96,1,0,3,5,branch,north,basic,5137.41,38.0,10,1652.5,165.25,0.2,0.0,0.6,1.2133249140943934,42.26342710997442,2.1438739420460577,mature,in_person
RID-001375,39.0,48921.15,31.6,22.7,6,1223.87,837.4,1,1,2,4,agent,north,enterprise,4162.67,22.7,6,1223.87,203.97833333333332,0.25,0.16666666666666666,0.5,1.461511822307141,38.73006329113924,-0.54394696376688,growing,assisted
RID-000358,53.0,78781.38,35.4,155.0,4,595.39,416.1,3,0,3,6,agent,north,plus,3042.18,155.0,4,595.39,148.8475,0.5,0.0,0.5,1.4308819995193462,16.818926553672316,-3.984769362917593,growing,assisted
RID-000968,44.0,88947.94,35.0,18.8,10,2017.04,1693.22,1,0,2,4,online,east,premium,5062.41,18.8,10,2017.04,201.704,0.25,0.0,0.5,1.191245083332349,57.629714285714286,2.148758770068369,growing,digital
RID-000784,53.0,65034.0,43.6,93.1,12,3975.46,3381.35,0,1,3,4,agent,north,basic,6925.05,93.1,12,3975.46,331.28833333333336,0.0,0.08333333333333333,0.75,1.1757020125097963,91.18027522935779,1.629029044850686,mature,assisted
RID-000736,45.0,44050.7,14.9,53.8,7,454.33,253.75,1,0,2,3,agent,north,basic,2459.79,53.8,7,454.33,64.9042857142857,0.3333333333333333,0.0,0.6666666666666666,1.790463054187192,30.49194630872483,0.9113431080479159,growing,assisted
RID-001036,44.0,102891.13,38.7,23.7,9,1458.56,1279.99,0,2,3,5,agent,north,enterprise,5208.61,23.7,9,1458.56,162.0622222222222,0.0,0.2222222222222222,0.6,1.1395089024133,37.68888888888888,0.757307055471419,mature,assisted
RID-000971,50.0,64327.82,34.9,23.2,9,2791.5,1718.43,1,0,3,5,agent,east,premium,5145.77,23.2,9,2791.5,310.1666666666667,0.2,0.0,0.6,1.6244478972084984,79.98567335243553,2.180081110651535,growing,assisted
RID-001374,50.0,92065.89,11.0,62.0,11,929.02,750.31,0,1,0,1,online,south,basic,3783.19,62.0,11,929.02,84.45636363636363,0.0,0.09090909090909091,0.0,1.2381815516253283,84.45636363636363,-1.950565563512774,new,digital
RID-001339,39.0,93699.14,39.9,72.5,6,825.75,617.07,1,0,3,6,online,west,basic,3806.36,72.5,6,825.75,137.625,0.16666666666666666,0.0,0.5,1.3381788127765082,20.695488721804512,-0.8930883876317905,mature,digital
RID-001343,61.0,69641.55,25.3,15.2,4,154.41,102.46,0,2,2,4,agent,west,basic,3688.22,15.2,4,154.41,38.6025,0.0,0.5,0.5,1.5070271325395277,6.103162055335968,-3.208311326826598,growing,assisted
RID-001746,35.0,94214.9,60.2,101.0,5,1055.41,562.89,0,0,5,8,partner,east,enterprise,4714.04,101.0,5,1055.41,211.08200000000002,0.0,0.0,0.625,1.8749844552221573,17.531727574750832,-1.4077422900148395,mature,assisted
RID-001550,53.0,66786.83,18.0,50.9,12,2281.56,1412.29,1,1,0,2,partner,west,premium,4216.29,50.9,12,2281.56,190.13,0.5,0.08333333333333333,0.0,1.6155038979246472,126.75333333333333,-1.2077058673028533,growing,assisted
RID-000886,49.0,76302.91,46.4,40.6,11,1995.01,1046.2,4,0,3,6,online,east,premium,5307.18,40.6,11,1995.01,181.36454545454546,0.6666666666666666,0.0,0.5,1.906910724526859,42.99590517241379,1.9149720547414177,mature,digital
RID-000080,29.0,124651.07,57.3,10.7,9,855.26,706.96,2,0,6,7,branch,south,basic,4738.7,10.7,9,855.26,95.02888888888889,0.2857142857142857,0.0,0.8571428571428571,1.2097714156387913,14.926003490401397,3.913881383187441,mature,in_person
RID-000815,37.0,74413.23,17.0,21.0,8,1635.89,1004.34,0,1,3,5,branch,west,basic,3468.25,21.0,8,1635.89,204.48625,0.0,0.125,0.6,1.6288209172192685,96.22882352941177,1.068273153050316,growing,in_person
RID-001160,55.0,40268.72,33.7,68.2,4,645.97,425.22,0,0,3,6,online,north,plus,2413.79,68.2,4,645.97,161.4925,0.0,0.0,0.5,1.5191430318423405,19.168249258160238,-1.5347829835713087,growing,digital
RID-000672,40.0,67955.01,37.6,40.4,3,646.51,486.74,1,0,4,7,agent,south,plus,3865.5,40.4,3,646.51,215.50333333333333,0.14285714285714285,0.0,0.5714285714285714,1.3282450589637178,17.19441489361702,-0.7480369117794066,mature,assisted
RID-001381,38.0,66254.39,58.1,74.5,10,853.99,492.41,0,1,4,6,agent,east,enterprise,4285.13,74.5,10,853.99,85.399,0.0,0.1,0.6666666666666666,1.734306776872931,14.698623063683305,0.8377719424449008,mature,assisted
RID-000058,49.0,70463.54,45.3,27.6,6,1325.12,1159.99,1,0,4,5,agent,west,plus,4582.87,27.6,6,1325.12,220.85333333333332,0.2,0.0,0.8,1.14235467547134,29.252097130242824,1.9853862052942963,mature,assisted
RID-000134,44.0,62124.97,14.5,111.2,7,1677.27,1194.66,0,0,1,4,partner,west,plus,3809.58,111.2,7,1677.27,239.60999999999999,0.0,0.0,0.25,1.4039726784189643,115.67379310344828,-2.9465076875063496,growing,assisted
RID-001141,55.0,51609.61,25.3,22.3,9,2000.47,1734.72,0,0,4,6,partner,east,premium,4764.53,22.3,9,2000.47,222.27444444444444,0.0,0.0,0.6666666666666666,1.153194751890795,79.0699604743083,2.563515957220118,growing,assisted
RID-000934,31.0,57256.62,53.6,46.5,9,2017.66,1722.33,0,0,4,5,online,west,plus,4109.26,46.5,9,2017.66,224.18444444444447,0.0,0.0,0.8,1.171471204705254,37.642910447761196,2.5965187625346653,mature,digital
RID-001576,45.0,128234.11,46.5,5.5,7,479.01,327.83,0,0,3,6,online,south,plus,5006.02,5.5,7,479.01,68.42999999999999,0.0,0.0,0.5,1.4611536467071349,10.301290322580645,1.3795625754508203,mature,digital
RID-000824,32.0,100727.07,27.0,43.4,8,1295.77,818.52,0,0,2,3,branch,west,plus,5359.32,43.4,8,1295.77,161.97125,0.0,0.0,0.6666666666666666,1.583064555539266,47.99148148148148,1.5864223076397472,growing,in_person
RID-000505,41.0,110962.4,47.5,31.1,6,868.1,626.63,1,1,4,6,partner,north,plus,4042.25,31.1,6,868.1,144.68333333333334,0.16666666666666666,0.16666666666666666,0.6666666666666666,1.3853470149849194,18.27578947368421,0.11403698514262006,mature,assisted
RID-001632,29.0,105126.4,35.1,67.0,7,1704.66,1501.5,2,0,3,4,branch,east,premium,5197.75,67.0,7,1704.66,243.52285714285716,0.5,0.0,0.75,1.1353046953046955,48.56581196581197,0.9863042367179133,growing,in_person
RID-000348,32.0,78203.72,56.7,45.4,5,520.19,449.36,1,0,5,7,agent,south,basic,3548.37,45.4,5,520.19,104.03800000000001,0.14285714285714285,0.0,0.7142857142857143,1.1576241766067297,9.174426807760142,0.6411106480381958,mature,assisted
RID-000387,43.0,56223.11,51.2,31.8,5,655.53,444.99,0,1,5,8,agent,west,enterprise,3273.13,31.8,5,655.53,131.106,0.0,0.2,0.625,1.4731342277354547,12.803320312499999,-0.7223224497982725,mature,assisted
RID-001025,49.0,103794.95,7.4,46.6,5,826.8,742.8,2,2,0,2,branch,east,enterprise,3464.06,46.6,5,826.8,165.35999999999999,1.0,0.4,0.0,1.1130856219709209,111.72972972972971,-5.764404938896662,new,in_person
RID-000895,29.0,82363.94,22.5,86.5,8,949.1,588.69,1,0,2,5,branch,south,premium,3550.93,86.5,8,949.1,118.6375,0.2,0.0,0.4,1.6122237510404456,42.18222222222222,-1.0622302351343345,growing,in_person
RID-000829,33.0,84839.45,72.0,41.7,9,1296.32,818.04,0,0,6,8,branch,east,basic,5537.6,41.7,9,1296.32,144.03555555555556,0.0,0.0,0.75,1.584665786514107,18.004444444444445,2.463478058793952,mature,in_person
RID-001700,31.0,114668.04,24.9,37.8,7,1234.5,740.93,2,1,0,1,agent,north,enterprise,4641.09,37.8,7,1234.5,176.35714285714286,2.0,0.14285714285714285,0.0,1.6661492988541429,49.57831325301205,-3.122932053184698,growing,assisted
RID-000476,43.0,67281.3,22.4,29.6,7,1607.61,973.14,3,0,2,5,branch,south,plus,4005.8,29.6,7,1607.61,229.6585714285714,0.6,0.0,0.4,1.6519822430482767,71.76830357142858,0.16227677875315338,growing,in_person
RID-001325,46.0,103387.88,56.0,19.3,6,1004.89,520.07,3,0,6,7,online,south,basic,5113.36,19.3,6,1004.89,167.48166666666665,0.42857142857142855,0.0,0.8571428571428571,1.9322206626031109,17.944464285714286,2.5265434638269935,mature,digital
RID-001601,35.0,74087.2,12.3,30.2,12,1579.35,849.95,2,1,1,4,agent,south,basic,4748.45,30.2,12,1579.35,131.61249999999998,0.5,0.08333333333333333,0.25,1.8581681275369137,128.40243902439022,0.719184185464983,growing,assisted
RID-000653,34.0,59207.92,24.0,73.0,8,989.53,703.19,1,0,2,4,online,north,basic,3582.6,73.0,8,989.53,123.69125,0.25,0.0,0.5,1.4072014675976618,41.23041666666666,-0.1441363234720432,growing,digital
RID-000173,50.0,55228.63,28.4,37.1,13,1795.82,941.91,0,0,2,5,online,south,premium,4600.01,37.1,13,1795.82,138.14,0.0,0.0,0.4,1.9065728148124554,63.2330985915493,2.23977907404256,growing,digital
RID-001150,24.0,89177.65,44.6,65.2,18,4192.15,2363.99,0,1,3,5,agent,east,basic,7634.8,65.2,18,4192.15,232.8972222222222,0.0,0.05555555555555555,0.6,1.7733366046387675,93.99439461883406,4.076230522884164,mature,assisted
RID-000039,55.0,71414.03,27.8,159.1,8,1686.7,998.42,0,0,3,6,online,north,premium,3788.36,159.1,8,1686.7,210.8375,0.0,0.0,0.5,1.6893692033412793,60.672661870503596,-2.5743647481461798,growing,digital
RID-000714,48.0,65145.49,42.1,63.8,6,622.62,503.22,1,1,4,7,branch,west,plus,3434.67,63.8,6,622.62,103.77,0.14285714285714285,0.16666666666666666,0.5714285714285714,1.2372719685227136,14.789073634204275,-1.3204157002421364,mature,in_person
RID-000091,60.0,107889.53,35.7,77.1,8,1392.29,993.94,1,0,3,6,agent,east,basic,4675.16,77.1,8,1392.29,174.03625,0.16666666666666666,0.0,0.5,1.4007787190373664,38.99971988795518,-0.2598614865517639,growing,assisted
RID-001740,50.0,66433.78,67.4,50.7,4,364.01,269.57,0,0,5,7,online,east,plus,3177.89,50.7,4,364.01,91.0025,0.0,0.0,0.7142857142857143,1.3503357198501318,5.400741839762611,0.10998226105772435,mature,digital
RID-000876,53.0,88703.21,20.6,52.7,9,759.21,541.97,0,0,2,5,branch,north,plus,4368.83,52.7,9,759.21,84.35666666666667,0.0,0.0,0.4,1.4008339945015407,36.85485436893204,0.2733291634978544,growing,in_person
RID-001701,38.0,87654.91,23.1,100.1,9,1186.63,839.16,1,0,3,6,branch,north,plus,4421.09,100.1,9,1186.63,131.8477777777778,0.16666666666666666,0.0,0.5,1.4140688307354976,51.36926406926407,-0.5275189813166823,growing,in_person
RID-001094,53.0,53372.17,27.0,80.9,8,1134.17,990.75,0,0,3,4,branch,east,plus,3751.79,80.9,8,1134.17,141.77125,0.0,0.0,0.75,1.1447590209437295,42.0062962962963,0.9755001526909114,growing,in_person
RID-001156,58.0,121590.75,37.3,33.6,4,564.91,371.3,0,0,3,6,online,north,premium,3929.83,33.6,4,564.91,141.2275,0.0,0.0,0.5,1.5214381901427416,15.145040214477213,-0.5581755097765919,mature,digital
RID-001536,52.0,76071.88,50.3,39.5,5,987.13,641.34,1,1,5,6,online,east,basic,4744.03,39.5,5,987.13,197.426,0.16666666666666666,0.2,0.8333333333333334,1.539167992016715,19.624850894632207,0.17918930502719288,mature,digital
RID-001759,43.0,56169.4,67.9,20.8,6,880.87,722.59,0,0,6,8,partner,south,premium,3824.16,20.8,6,880.87,146.81166666666667,0.0,0.0,0.75,1.2190453784303685,12.97304860088365,1.9087968006168616,mature,assisted
RID-000500,41.0,92290.01,20.9,18.0,5,827.09,453.22,1,0,2,3,branch,north,plus,4370.5,18.0,5,827.09,165.418,0.3333333333333333,0.0,0.6666666666666666,1.8249194651604077,39.57368421052632,1.1587564723550328,growing,in_person
RID-000339,30.0,53822.15,51.1,28.0,4,859.58,602.33,1,0,3,4,agent,west,basic,3744.49,28.0,4,859.58,214.895,0.25,0.0,0.75,1.4270914614912091,16.821526418786693,0.9425072350634924,mature,assisted
RID-000029,42.0,78368.11,35.3,78.7,6,968.35,636.82,1,1,4,7,agent,south,enterprise,3408.24,78.7,6,968.35,161.39166666666668,0.14285714285714285,0.16666666666666666,0.5714285714285714,1.5206023680160798,27.432011331444762,-1.7409778782635608,growing,assisted
RID-001191,42.0,75237.52,45.0,39.3,8,1347.31,867.01,1,1,5,7,online,south,plus,4336.96,39.3,8,1347.31,168.41375,0.14285714285714285,0.125,0.7142857142857143,1.5539728492174254,29.94022222222222,1.1655125014615035,mature,digital
RID-001792,42.0,51983.15,16.4,144.3,12,1596.43,1362.04,0,0,2,4,agent,south,basic,3597.46,144.3,12,1596.43,133.03583333333333,0.0,0.0,0.5,1.1720874570497195,97.34329268292684,-0.630495357226786,growing,assisted
RID-000946,31.0,91565.44,28.5,74.6,9,1505.67,901.56,0,0,1,2,branch,south,enterprise,4686.17,74.6,9,1505.67,167.29666666666668,0.0,0.0,0.5,1.6700718754159458,52.83052631578948,0.19223508174011755,growing,in_person
RID-000170,38.0,63445.61,37.0,46.1,6,1097.99,868.45,2,0,3,5,online,west,basic,4606.43,46.1,6,1097.99,182.99833333333333,0.4,0.0,0.6,1.264309977546203,29.675405405405407,0.38911640298864647,mature,digital
RID-000913,37.0,110955.33,38.6,34.5,9,1569.87,959.36,0,0,3,5,partner,north,plus,5153.0,34.5,9,1569.87,174.42999999999998,0.0,0.0,0.6,1.6363721647765175,40.670207253886005,1.8611312709440118,mature,assisted
RID-000492,37.0,52465.0,22.5,26.1,9,1968.27,1206.25,0,1,2,5,branch,north,enterprise,3755.01,26.1,9,1968.27,218.69666666666666,0.0,0.1111111111111111,0.4,1.6317264248704664,87.47866666666667,0.31980082583230923,growing,in_person
RID-000954,52.0,84697.3,48.4,82.3,8,1568.16,828.92,0,0,4,5,online,west,basic,4517.86,82.3,8,1568.16,196.02,0.0,0.0,0.8,1.8918110312213485,32.400000000000006,1.2045080648391981,mature,digital
RID-001098,47.0,73358.38,64.6,15.7,5,714.57,420.55,1,0,6,7,online,north,plus,4262.9,15.7,5,714.57,142.91400000000002,0.14285714285714285,0.0,0.8571428571428571,1.6991320889311616,11.061455108359135,2.246623357678111,mature,digital
RID-001033,39.0,92079.0,35.2,30.2,8,1171.11,940.64,1,1,5,8,online,north,premium,5211.07,30.2,8,1171.11,146.38875,0.125,0.125,0.625,1.2450140329988093,33.27017045454545,0.9428590881055255,growing,digital
RID-000588,46.0,77432.36,42.0,89.0,4,665.8,580.3,0,1,5,6,agent,east,basic,3743.72,89.0,4,665.8,166.45,0.0,0.25,0.8333333333333334,1.1473375840082716,15.852380952380951,-1.9164615680949486,mature,assisted
RID-000751,35.0,98262.36,35.2,41.0,4,482.92,337.73,1,0,4,7,branch,east,premium,4501.97,41.0,4,482.92,120.73,0.14285714285714285,0.0,0.5714285714285714,1.429899623959968,13.719318181818181,-0.3834398570356067,growing,in_person
RID-000658,41.0,81765.51,23.1,44.1,7,809.59,620.45,1,0,2,4,agent,east,enterprise,4347.78,44.1,7,809.59,115.6557142857143,0.25,0.0,0.5,1.3048432589249737,35.047186147186146,0.2900525035295466,growing,assisted
RID-000235,52.0,83111.05,64.4,95.8,9,1095.83,851.75,0,0,6,8,branch,east,basic,3837.88,95.8,9,1095.83,121.75888888888888,0.0,0.0,0.75,1.2865629586146168,17.015993788819873,0.9364704191322708,mature,in_person
RID-000733,53.0,83182.25,37.1,62.6,14,2161.36,1860.07,1,1,1,2,online,east,premium,4934.01,62.6,14,2161.36,154.38285714285715,0.5,0.07142857142857142,0.5,1.161977775029972,58.25768194070081,1.985821131514824,mature,digital
RID-001473,36.0,98131.03,18.5,90.0,8,2118.74,1200.08,0,2,0,2,online,west,premium,4689.67,90.0,8,2118.74,264.8425,0.0,0.25,0.0,1.765498966735551,114.52648648648648,-4.893954464651803,growing,digital
RID-001157,62.0,81740.42,68.8,71.6,13,2095.95,1115.41,2,1,7,8,branch,east,basic,4883.71,71.6,13,2095.95,161.22692307692307,0.25,0.07692307692307693,0.875,1.8790848208282154,30.46438953488372,3.329356966544808,mature,in_person
RID-001324,34.0,100180.29,16.2,93.4,5,691.86,563.6,0,0,2,4,agent,south,enterprise,3629.63,93.4,5,691.86,138.372,0.0,0.0,0.5,1.2275727466288147,42.70740740740741,-1.8645369073058338,growing,assisted
RID-001469,44.0,99782.02,68.9,79.2,13,2246.46,1380.42,3,1,6,8,online,south,basic,5960.88,79.2,13,2246.46,172.80461538461537,0.375,0.07692307692307693,0.75,1.6273742773938367,32.60464441219158,2.4435324763728974,mature,digital
RID-000935,45.0,77347.13,34.6,85.4,7,1017.52,596.23,1,0,3,6,agent,south,plus,4032.79,85.4,7,1017.52,145.35999999999999,0.16666666666666666,0.0,0.5,1.706589738859165,29.40809248554913,-0.8756668221271531,growing,assisted
RID-001066,52.0,45625.43,4.8,103.8,6,1454.34,924.46,1,2,2,4,online,east,basic,3055.62,103.8,6,1454.34,242.39,0.25,0.3333333333333333,0.5,1.5731778551803213,302.9875,-3.8895430635935426,new,digital
RID-000109,45.0,70301.32,33.5,72.7,9,1162.04,779.85,2,0,2,5,branch,west,premium,3917.44,72.7,9,1162.04,129.11555555555555,0.4,0.0,0.4,1.49008142591524,34.68776119402985,-0.29118382713492996,growing,in_person
RID-001390,54.0,106186.0,44.8,17.2,7,1271.54,645.81,0,1,4,7,online,south,basic,4581.38,17.2,7,1271.54,181.64857142857142,0.0,0.14285714285714285,0.5714285714285714,1.9689072637463032,28.382589285714285,0.5273600013679947,mature,digital
RID-000569,57.0,68035.34,50.1,83.1,7,1035.63,777.97,1,1,5,7,partner,south,plus,3706.5,83.1,7,1035.63,147.94714285714286,0.14285714285714285,0.14285714285714285,0.7142857142857143,1.3311952903068243,20.67125748502994,-0.5654993842167977,mature,assisted
RID-001168,48.0,107494.69,36.6,40.2,7,1755.66,1557.21,0,0,3,4,branch,west,plus,4937.27,40.2,7,1755.66,250.80857142857144,0.0,0.0,0.75,1.1274394590325005,47.9688524590164,1.7427516441658442,mature,in_person
RID-001175,39.0,94173.53,10.5,45.1,5,758.15,423.75,0,1,2,3,agent,west,premium,4215.89,45.1,5,758.15,151.63,0.0,0.2,0.6666666666666666,1.7891445427728614,72.20476190476191,-0.8739537373252569,new,assisted
RID-000891,38.0,65804.88,34.2,48.8,9,1926.77,1321.87,1,0,4,7,online,east,plus,4921.74,48.8,9,1926.77,214.08555555555554,0.14285714285714285,0.0,0.5714285714285714,1.4576092959216869,56.338304093567245,1.3040622989315247,growing,digital
RID-000948,42.0,59334.19,36.9,27.8,7,1277.0,891.95,0,1,1,4,agent,east,plus,3656.86,27.8,7,1277.0,182.42857142857142,0.0,0.14285714285714285,0.25,1.4316946017153427,34.607046070460704,-1.4980564504054008,mature,assisted
RID-001049,48.0,67970.13,32.3,77.9,9,1634.66,936.78,2,0,2,4,online,west,basic,4058.0,77.9,9,1634.66,181.6288888888889,0.5,0.0,0.5,1.7449774760349284,50.60866873065016,0.0990904382857078,growing,digital
RID-001215,49.0,31860.08,44.5,43.7,5,928.55,757.09,2,0,4,7,branch,north,basic,2569.52,43.7,5,928.55,185.70999999999998,0.2857142857142857,0.0,0.5714285714285714,1.2264724141119285,20.86629213483146,-0.07811666630824932,mature,in_person
RID-001233,43.0,74969.85,53.0,30.2,9,841.32,678.13,1,0,3,5,branch,south,plus,4172.26,30.2,9,841.32,93.48,0.2,0.0,0.6,1.2406470735699646,15.873962264150943,1.9825015639300605,mature,in_person
RID-001302,45.0,40266.95,38.5,102.5,7,1129.84,663.74,0,0,3,5,online,south,plus,2979.51,102.5,7,1129.84,161.40571428571428,0.0,0.0,0.6,1.7022328020007833,29.346493506493506,-0.821277786133022,mature,digital
RID-000885,44.0,85022.35,42.4,51.4,5,1042.86,612.76,1,0,3,4,partner,west,plus,4563.9,51.4,5,1042.86,208.57199999999997,0.25,0.0,0.75,1.701906129642927,24.59575471698113,0.6635594804859182,mature,assisted
RID-001511,31.0,33021.45,52.5,15.4,8,1652.7,1401.59,2,1,5,7,partner,east,premium,4208.4,15.4,8,1652.7,206.5875,0.2857142857142857,0.125,0.7142857142857143,1.1791608102226758,31.48,1.8401055252676808,mature,assisted
RID-000851,51.0,79938.0,44.8,27.0,10,730.13,387.01,3,0,4,6,partner,north,plus,4107.29,27.0,10,730.13,73.013,0.5,0.0,0.6666666666666666,1.8865920777240899,16.297544642857144,2.812387848884197,mature,assisted
RID-000735,42.0,48536.36,40.8,20.6,7,2141.05,1276.95,1,0,3,4,partner,east,plus,5156.04,20.6,7,2141.05,305.86428571428576,0.25,0.0,0.75,1.6766905517052353,52.47671568627452,2.295974374985973,mature,assisted
RID-000718,39.0,101219.83,41.2,45.5,7,1369.42,857.1,1,0,2,3,agent,south,basic,5269.27,45.5,7,1369.42,195.6314285714286,0.3333333333333333,0.0,0.6666666666666666,1.5977365534943415,33.238349514563104,1.1456159991605213,mature,assisted
RID-000455,46.0,50149.25,34.6,169.1,8,1799.17,968.62,1,2,2,5,online,south,premium,3207.94,169.1,8,1799.17,224.89625,0.2,0.25,0.4,1.8574570006813818,51.999132947976875,-4.978412770663818,growing,digital
RID-000265,32.0,82533.71,21.4,53.3,7,1023.35,884.4,1,0,1,2,online,north,basic,4426.92,53.3,7,1023.35,146.19285714285715,0.5,0.0,0.5,1.1571121664405246,47.820093457943926,0.030376527838465894,growing,digital
RID-000076,37.0,92281.94,45.7,20.3,9,1342.25,1032.13,0,1,5,8,online,east,premium,4490.02,20.3,9,1342.25,149.13888888888889,0.0,0.1111111111111111,0.625,1.3004660265664207,29.37089715536105,1.691866789832431,mature,digital
RID-000445,43.0,78436.55,57.0,26.8,9,1753.49,1072.03,0,0,4,5,online,north,enterprise,4506.52,26.8,9,1753.49,194.8322222222222,0.0,0.0,0.8,1.6356725091648554,30.76298245614035,3.152564058307958,mature,digital
RID-000396,38.0,63474.07,33.3,86.3,9,1853.55,1343.99,2,0,3,6,online,east,basic,3731.04,86.3,9,1853.55,205.95,0.3333333333333333,0.0,0.5,1.379139725742007,55.66216216216217,-0.13800501778006136,growing,digital
RID-000177,32.0,92374.9,54.7,94.5,8,731.08,398.27,0,0,4,5,online,south,premium,4386.05,94.5,8,731.08,91.385,0.0,0.0,0.8,1.8356391392773748,13.36526508226691,0.8601551405531995,mature,digital
RID-001043,39.0,106638.96,60.4,123.7,8,1367.3,804.66,1,0,7,8,online,west,plus,5479.38,123.7,8,1367.3,170.9125,0.125,0.0,0.875,1.699227002709219,22.637417218543046,0.4387519064682055,mature,digital
RID-001566,54.0,66202.51,53.7,23.2,6,1038.01,876.8,3,0,6,8,agent,south,basic,4076.25,23.2,6,1038.01,173.00166666666667,0.375,0.0,0.75,1.1838617700729928,19.329795158286778,1.8410552417409276,mature,assisted
RID-001260,41.0,82106.98,18.7,32.2,6,1186.56,903.95,1,0,2,4,online,north,plus,4325.17,32.2,6,1186.56,197.76,0.25,0.0,0.5,1.312638973394546,63.4524064171123,0.2444052884932698,growing,digital
RID-001241,54.0,47244.24,48.8,78.8,5,987.05,575.35,1,0,3,6,online,west,plus,2801.58,78.8,5,987.05,197.41,0.16666666666666666,0.0,0.5,1.7155644390371076,20.22643442622951,-1.452442424143901,mature,digital
RID-000596,41.0,74962.13,51.0,37.1,8,1697.12,1065.52,0,1,3,5,partner,south,plus,4605.22,37.1,8,1697.12,212.14,0.0,0.125,0.6,1.5927622193858397,33.276862745098036,0.6138401955909244,mature,assisted
RID-000062,40.0,52906.88,29.5,55.5,9,2164.7,1431.52,1,0,3,6,agent,east,plus,4897.12,55.5,9,2164.7,240.5222222222222,0.16666666666666666,0.0,0.5,1.5121688834246114,73.37966101694914,0.7313449877944265,growing,assisted
RID-000873,32.0,80297.34,54.4,16.4,4,621.1,484.64,1,1,5,6,branch,east,premium,4304.73,16.4,4,621.1,155.275,0.16666666666666666,0.25,0.8333333333333334,1.2815698250247607,11.417279411764707,0.13272058790205854,mature,in_person
RID-001342,36.0,94757.64,41.4,64.1,6,1497.73,1027.47,1,0,4,5,online,east,plus,4294.09,64.1,6,1497.73,249.62166666666667,0.2,0.0,0.8,1.457687329070435,36.17705314009662,0.955149997389465,mature,digital
RID-001690,62.0,69245.73,16.1,89.3,11,2007.27,1134.94,1,2,2,3,partner,west,plus,4653.63,89.3,11,2007.27,182.4790909090909,0.3333333333333333,0.18181818181818182,0.6666666666666666,1.7686133187657496,124.67515527950309,0.28292132082325117,growing,assisted
RID-000279,37.0,80406.12,39.5,59.0,7,588.32,505.35,1,1,3,4,online,north,basic,4532.11,59.0,7,588.32,84.0457142857143,0.25,0.14285714285714285,0.75,1.164183239339072,14.894177215189874,0.30654149913326495,mature,digital
RID-000037,47.0,66430.8,35.5,35.4,8,1139.92,912.12,1,2,4,6,online,north,premium,4678.94,35.4,8,1139.92,142.49,0.16666666666666666,0.25,0.6666666666666666,1.2497478401964655,32.11042253521127,0.2274836196767771,growing,digital
RID-001366,24.0,67823.7,40.3,82.8,7,1629.95,1257.18,1,0,2,5,online,north,premium,3868.3,82.8,7,1629.95,232.85,0.2,0.0,0.4,1.2965128303027411,40.4454094292804,-1.3393277763300526,mature,digital
RID-000663,22.0,69895.22,29.9,25.6,7,1896.43,1473.58,1,0,3,4,agent,north,premium,5569.17,25.6,7,1896.43,270.91857142857145,0.25,0.0,0.75,1.2869542203341524,63.42575250836121,2.154846127327777,growing,assisted
RID-001626,33.0,37811.6,41.8,48.7,4,584.26,505.71,0,0,2,5,agent,west,enterprise,2195.84,48.7,4,584.26,146.065,0.0,0.0,0.4,1.1553261750805799,13.977511961722488,-1.5214304606895062,mature,assisted
RID-001300,30.0,102771.91,33.2,72.1,9,1856.52,941.71,0,0,2,5,branch,north,basic,4765.78,72.1,9,1856.52,206.28,0.0,0.0,0.4,1.9714349428167905,55.91927710843373,-0.2742484374159462,growing,in_person
RID-000978,26.0,74380.92,23.6,73.6,8,1334.61,817.35,1,1,0,1,online,west,plus,3086.96,73.6,8,1334.61,166.82625,1.0,0.125,0.0,1.632850064231969,56.55127118644067,-3.638681870224878,growing,digital
RID-001417,48.0,96655.98,32.1,32.5,9,1292.38,982.92,1,0,1,2,online,east,plus,4858.3,32.5,9,1292.38,143.5977777777778,0.5,0.0,0.5,1.3148374231880522,40.261059190031155,1.3805349270221283,growing,digital
RID-000739,61.0,101552.14,31.6,25.0,9,1802.33,987.81,1,0,2,3,online,north,basic,5224.24,25.0,9,1802.33,200.2588888888889,0.3333333333333333,0.0,0.6666666666666666,1.8245715269130705,57.03575949367088,2.487306703484692,growing,digital
RID-000192,53.0,80371.3,49.3,25.3,3,371.82,239.54,0,1,5,6,agent,north,basic,3198.88,25.3,3,371.82,123.94,0.0,0.3333333333333333,0.8333333333333334,1.5522250981047008,7.541987829614604,-1.028268098797675,mature,assisted
RID-000920,33.0,105535.28,6.1,36.9,10,1880.76,1152.53,1,1,0,2,online,north,basic,4399.08,36.9,10,1880.76,188.076,0.5,0.1,0.0,1.6318534007791554,308.32131147540986,-1.6812612550665436,new,digital
RID-000457,41.0,111434.17,49.4,58.5,8,1559.99,1326.58,1,0,4,6,branch,east,plus,4989.47,58.5,8,1559.99,194.99875,0.16666666666666666,0.0,0.6666666666666666,1.175948680064527,31.578744939271257,1.1602149997119948,mature,in_person
RID-000676,39.0,85815.73,15.9,86.4,4,756.88,676.02,1,0,0,1,branch,east,plus,3014.0,86.4,4,756.88,189.22,1.0,0.0,0.0,1.1196118458033786,47.602515723270436,-4.733728019972952,growing,in_person
RID-000761,45.0,73865.65,32.7,42.1,9,1783.29,915.21,2,2,3,4,branch,east,enterprise,4764.42,42.1,9,1783.29,198.14333333333332,0.5,0.2222222222222222,0.75,1.9485036221195133,54.5348623853211,1.043526568567,growing,in_person
RID-001627,37.0,18000.0,25.5,70.7,7,842.9,696.33,1,0,1,3,agent,north,basic,2057.56,70.7,7,842.9,120.41428571428571,0.3333333333333333,0.0,0.3333333333333333,1.2104892795082791,33.05490196078431,-1.3558291789873265,growing,assisted
RID-000729,39.0,54619.0,10.8,12.0,2,364.38,192.1,1,0,3,5,partner,south,basic,3042.11,12.0,2,364.38,182.19,0.2,0.0,0.6,1.896824570536179,33.73888888888889,-0.17451872583359007,new,assisted
RID-000413,22.0,56027.95,54.8,59.5,2,243.23,195.39,0,0,6,9,partner,north,premium,3247.27,59.5,2,243.23,121.615,0.0,0.0,0.6666666666666666,1.2448436460412509,4.438503649635036,-1.157205316596345,mature,assisted
RID-001099,37.0,69973.57,68.3,89.6,5,1162.3,923.61,0,0,7,8,agent,east,plus,3985.37,89.6,5,1162.3,232.45999999999998,0.0,0.0,0.875,1.2584315890906335,17.017569546120058,0.25664922210875263,mature,assisted
RID-000826,45.0,63975.23,25.9,20.6,13,1668.02,1489.7,0,0,2,4,agent,north,premium,5718.65,20.6,13,1668.02,128.30923076923077,0.0,0.0,0.5,1.119701953413439,64.4023166023166,3.242549934299769,growing,assisted
RID-001348,29.0,94237.76,18.3,55.7,6,438.18,238.73,0,1,1,2,online,west,premium,3571.99,55.7,6,438.18,73.03,0.0,0.16666666666666666,0.5,1.8354626565576175,23.944262295081966,-1.4753933983109744,growing,digital
RID-000617,46.0,59636.6,34.3,45.6,12,2341.84,1508.4,0,0,3,4,agent,east,enterprise,4882.18,45.6,12,2341.84,195.15333333333334,0.0,0.0,0.75,1.5525324847520552,68.27521865889214,3.4979953590089097,growing,assisted
RID-000115,28.0,73660.83,36.5,99.4,8,2262.65,1399.24,0,0,3,6,online,west,basic,4724.85,99.4,8,2262.65,282.83125,0.0,0.0,0.5,1.6170564020468254,61.990410958904114,-0.8892934711073186,mature,digital
RID-000418,59.0,54910.0,33.5,59.1,10,1200.34,823.0,0,0,3,4,online,east,plus,4828.21,59.1,10,1200.34,120.03399999999999,0.0,0.0,0.75,1.4584933171324421,35.8310447761194,2.3538842014062134,growing,digital
RID-001715,40.0,50368.33,56.1,7.9,11,2424.07,2133.05,0,0,5,6,branch,west,plus,5456.17,7.9,11,2424.07,220.37,0.0,0.0,0.8333333333333334,1.1364337451067719,43.20980392156863,4.62810960437656,mature,in_person
RID-000970,58.0,74147.19,45.1,33.3,8,1197.27,773.21,0,0,4,7,agent,east,basic,3959.65,33.3,8,1197.27,149.65875,0.0,0.0,0.5714285714285714,1.54844091514595,26.5470066518847,1.360027422209149,mature,assisted
RID-000605,35.0,86480.9,12.2,17.2,9,1885.87,1644.44,0,0,2,5,online,west,basic,5085.61,17.2,9,1885.87,209.5411111111111,0.0,0.0,0.4,1.146815937340371,154.57950819672132,1.2753397218710465,growing,digital
RID-001722,28.0,70193.16,45.1,33.1,6,1027.2,705.61,1,0,4,7,agent,west,basic,3669.91,33.1,6,1027.2,171.20000000000002,0.14285714285714285,0.0,0.5714285714285714,1.4557616813820666,22.776053215077606,0.60260766318991,mature,assisted
RID-000090,46.0,59955.72,45.1,42.5,6,1135.09,623.03,0,0,3,5,agent,west,premium,4349.07,42.5,6,1135.09,189.18166666666664,0.0,0.0,0.6,1.8218865865207132,25.168292682926825,0.4907287413025477,mature,assisted
RID-000849,47.0,56384.26,34.9,60.7,6,879.99,482.81,0,1,4,7,branch,east,basic,4134.7,60.7,6,879.99,146.665,0.0,0.16666666666666666,0.5714285714285714,1.822642447339533,25.214613180515762,-1.2329161866940548,growing,in_person
RID-001526,49.0,46540.31,52.6,83.7,11,1428.13,1004.13,0,0,3,4,online,west,premium,4363.98,83.7,11,1428.13,129.83,0.0,0.0,0.75,1.4222560823797716,27.150760456273765,2.041065667390672,mature,digital
RID-001721,52.0,75781.66,17.6,25.1,6,623.16,502.59,0,0,2,3,online,north,premium,4012.18,25.1,6,623.16,103.86,0.0,0.0,0.6666666666666666,1.2398973318211663,35.406818181818174,1.3398868051431778,growing,digital
RID-000754,43.0,66668.28,37.3,17.3,7,1403.72,1065.32,2,0,3,4,online,north,basic,4544.18,17.3,7,1403.72,200.53142857142856,0.5,0.0,0.75,1.317651034430969,37.63324396782842,2.3891190184403825,mature,digital
RID-000499,26.0,89435.1,50.6,72.1,4,392.37,344.62,2,0,5,6,branch,south,premium,3934.29,72.1,4,392.37,98.0925,0.3333333333333333,0.0,0.8333333333333334,1.1385584121641228,7.754347826086956,0.14529579320583808,mature,in_person
RID-000012,23.0,54932.08,41.0,73.5,9,1771.61,1497.28,0,2,5,6,branch,north,plus,4268.6,73.5,9,1771.61,196.84555555555553,0.0,0.2222222222222222,0.8333333333333334,1.1832189036118828,43.21,0.6047808757611639,mature,in_person
RID-000397,30.0,81833.85,39.0,76.4,6,1072.31,633.85,0,1,1,4,online,west,basic,3815.56,76.4,6,1072.31,178.71833333333333,0.0,0.16666666666666666,0.25,1.6917409481738581,27.495128205128204,-3.402283451078811,mature,digital
RID-000285,26.0,101233.57,52.6,81.2,3,60.0,32.17,0,1,5,6,branch,west,premium,3540.03,81.2,3,60.0,20.0,0.0,0.3333333333333333,0.8333333333333334,1.8650917003419334,1.1406844106463878,-2.606081907616307,mature,in_person
RID-001067,46.0,97780.77,46.5,38.2,7,1609.82,1401.24,0,0,5,6,online,south,premium,5561.64,38.2,7,1609.82,229.9742857142857,0.0,0.0,0.8333333333333334,1.1488538722845478,34.61978494623656,2.2467426457167576,mature,digital
RID-001192,33.0,74155.52,48.6,62.6,5,1141.6,842.9,0,0,5,7,agent,north,basic,4826.14,62.6,5,1141.6,228.32,0.0,0.0,0.7142857142857143,1.3543718116027998,23.489711934156375,0.15562947609400118,mature,assisted
RID-000691,42.0,46000.08,32.9,37.4,7,1078.56,789.29,2,0,3,4,online,east,premium,3901.94,37.4,7,1078.56,154.07999999999998,0.5,0.0,0.75,1.3664939375894791,32.782978723404256,1.8217834628544343,growing,digital
RID-001472,32.0,70618.08,9.2,62.3,9,643.36,541.41,0,0,1,3,online,west,basic,3144.81,62.3,9,643.36,71.48444444444445,0.0,0.0,0.3333333333333333,1.1883046120315472,69.9304347826087,-0.35566883399599003,new,digital
RID-001687,22.0,85864.42,37.4,21.2,8,1142.83,645.03,0,1,5,8,online,west,basic,4412.65,21.2,8,1142.83,142.85375,0.0,0.125,0.625,1.7717470505247817,30.556951871657752,1.1968899338902785,mature,digital
RID-000690,34.0,74304.77,31.1,35.9,10,1429.72,829.28,0,0,3,5,online,north,plus,4046.96,35.9,10,1429.72,142.972,0.0,0.0,0.6,1.7240497781207795,45.97170418006431,2.2031478060625003,growing,digital
RID-000852,43.0,75130.75,27.9,33.2,3,476.0,305.63,1,0,4,7,online,west,enterprise,2422.05,33.2,3,476.0,158.66666666666666,0.14285714285714285,0.0,0.5714285714285714,1.5574387331086608,17.060931899641577,-0.5448122351516043,growing,digital
RID-000160,42.0,75880.2,26.6,95.2,8,801.43,563.51,2,1,4,5,agent,west,premium,4088.86,95.2,8,801.43,100.17875,0.4,0.125,0.8,1.4222107859665312,30.12894736842105,0.048025243773010096,growing,assisted
RID-000896,35.0,76914.29,32.6,38.0,7,742.76,600.13,2,0,4,5,online,north,plus,4306.09,38.0,7,742.76,106.10857142857142,0.4,0.0,0.8,1.2376651725459484,22.7840490797546,2.073371894628032,growing,digital
RID-001421,40.0,60669.51,25.5,35.8,7,967.89,803.21,2,1,3,4,online,west,plus,4033.05,35.8,7,967.89,138.27,0.5,0.14285714285714285,0.75,1.2050273278470138,37.95647058823529,0.9613765682672948,growing,digital
RID-000258,36.0,86495.34,38.2,92.8,4,795.12,704.9,0,1,3,4,partner,north,enterprise,3752.99,92.8,4,795.12,198.78,0.0,0.25,0.75,1.127989785785218,20.814659685863873,-2.4712587388028124,mature,assisted
RID-000336,38.0,105394.55,20.5,15.7,8,1671.49,918.58,1,0,2,5,agent,east,plus,5185.4,15.7,8,1671.49,208.93625,0.2,0.0,0.4,1.8196455398549936,81.5360975609756,0.9361457517057219,growing,assisted
RID-001691,47.0,74764.07,26.7,130.2,8,1766.88,1162.64,1,0,2,5,agent,south,premium,3538.9,130.2,8,1766.88,220.86,0.2,0.0,0.4,1.5197137549026354,66.17528089887641,-2.2956911196669676,growing,assisted
RID-001040,33.0,87683.15,32.6,100.6,6,881.49,455.82,3,1,3,4,online,north,basic,3597.16,100.6,6,881.49,146.915,0.75,0.16666666666666666,0.75,1.9338554692641832,27.03957055214724,-1.4001059548186703,growing,digital
RID-000516,57.0,87651.09,54.1,43.3,3,232.23,125.35,2,1,5,8,branch,west,premium,2942.07,43.3,3,232.23,77.41,0.25,0.3333333333333333,0.625,1.8526525727961707,4.29260628465804,-2.6551790465862677,mature,in_person
RID-001016,51.0,98045.24,4.9,77.4,8,1917.28,1209.78,1,1,0,2,branch,south,basic,4927.75,77.4,8,1917.28,239.66,0.5,0.125,0.0,1.5848170741787764,391.2816326530612,-3.7459393384451074,new,in_person
RID-000769,31.0,75440.34,57.8,51.4,5,1160.04,653.98,0,0,6,8,branch,west,premium,4269.93,51.4,5,1160.04,232.00799999999998,0.0,0.0,0.75,1.7738157130187466,20.069896193771626,0.6635594804859182,mature,in_person
RID-001575,47.0,84867.3,29.1,121.0,9,878.43,525.03,1,0,2,3,agent,east,basic,3291.2,121.0,9,878.43,97.60333333333332,0.3333333333333333,0.0,0.6666666666666666,1.6731043940346266,30.186597938144327,-0.22235565155267256,growing,assisted
RID-000762,47.0,55517.94,43.5,34.5,4,973.82,820.58,0,0,2,4,online,south,premium,3153.67,34.5,4,973.82,243.455,0.0,0.0,0.5,1.1867459601745107,22.386666666666667,-0.5835785943550671,mature,digital
RID-001247,40.0,96609.52,49.0,18.3,6,1305.58,1050.47,2,1,4,7,agent,south,premium,4391.99,18.3,6,1305.58,217.59666666666666,0.2857142857142857,0.16666666666666666,0.5714285714285714,1.2428531990442373,26.644489795918364,-0.03614864655255201,mature,assisted
RID-001204,58.0,62599.38,30.8,29.4,6,933.63,587.26,0,0,2,4,online,south,basic,3363.3,29.4,6,933.63,155.605,0.0,0.0,0.5,1.5898068998399346,30.31266233766234,0.3234371071818597,growing,digital
RID-001513,37.0,71784.85,41.9,59.5,12,1683.53,962.89,0,2,4,7,agent,north,basic,4931.13,59.5,12,1683.53,140.29416666666665,0.0,0.16666666666666666,0.5714285714285714,1.7484136298019504,40.17971360381862,1.090149259520613,mature,assisted
RID-001784,32.0,53787.84,28.3,34.5,5,955.94,710.98,1,1,2,5,agent,east,basic,3298.86,34.5,5,955.94,191.18800000000002,0.2,0.2,0.4,1.344538524290416,33.77879858657244,-2.0068889002503125,growing,assisted
RID-000522,45.0,67471.44,25.6,23.6,12,1640.46,1441.5,0,1,2,5,online,south,plus,4882.67,23.6,12,1640.46,136.705,0.0,0.08333333333333333,0.4,1.1380228928199791,64.08046875,1.7110449368515448,growing,digital
RID-000023,37.0,123643.97,18.3,20.0,6,553.15,444.68,0,2,1,3,branch,east,premium,3918.23,20.0,6,553.15,92.19166666666666,0.0,0.3333333333333333,0.3333333333333333,1.2439282180444364,30.22677595628415,-2.4193130378174463,growing,in_person
RID-000357,61.0,76759.74,31.8,38.6,9,1100.25,863.86,1,0,4,6,online,west,plus,3947.94,38.6,9,1100.25,122.25,0.16666666666666666,0.0,0.6666666666666666,1.2736438774801473,34.59905660377358,2.1034378698543987,growing,digital
RID-001278,52.0,42140.2,48.5,106.4,3,619.24,395.87,1,0,5,6,online,south,premium,3698.98,106.4,3,619.24,206.41333333333333,0.16666666666666666,0.0,0.8333333333333334,1.5642508904438326,12.767835051546392,-1.2043764301921709,mature,digital
RID-001520,43.0,78139.95,27.2,70.3,6,1269.99,670.05,0,0,3,5,online,west,basic,3434.55,70.3,6,1269.99,211.665,0.0,0.0,0.6,1.8953660174613836,46.690808823529416,-0.2939443156770225,growing,digital
RID-000341,27.0,59941.26,39.6,12.1,14,2803.79,2519.86,2,0,4,6,online,west,basic,5812.69,12.1,14,2803.79,200.2707142857143,0.3333333333333333,0.0,0.6666666666666666,1.112676894748121,70.80277777777778,4.759079804756755,mature,digital
RID-000432,42.0,63878.05,28.5,52.6,4,328.78,244.16,1,1,3,6,online,north,basic,2988.53,52.6,4,328.78,82.195,0.16666666666666666,0.25,0.5,1.3465760157273918,11.536140350877192,-2.6792067350938207,growing,digital
RID-000474,61.0,61167.78,25.4,13.3,8,1308.98,1163.18,2,0,2,5,agent,north,plus,3923.53,13.3,8,1308.98,163.6225,0.4,0.0,0.4,1.1253460341477672,51.53464566929134,1.0038873105816561,growing,assisted
RID-000218,40.0,55099.75,36.5,85.3,4,422.35,339.37,0,0,3,4,branch,west,plus,3403.93,85.3,4,422.35,105.5875,0.0,0.0,0.75,1.2445118896779326,11.57123287671233,-0.6748224830994345,mature,in_person
RID-000912,30.0,73691.12,55.7,81.6,11,1410.22,1255.12,0,0,5,7,online,east,enterprise,4063.89,81.6,11,1410.22,128.2018181818182,0.0,0.0,0.7142857142857143,1.1235738415450316,25.318132854578096,1.9085368017695572,mature,digital
RID-001228,40.0,74433.19,26.5,17.3,5,833.56,606.19,0,0,3,6,agent,west,basic,4025.81,17.3,5,833.56,166.712,0.0,0.0,0.5,1.3750804203302593,31.45509433962264,0.28343502205191085,growing,assisted
RID-001554,23.0,103255.59,35.9,118.2,4,840.2,689.99,1,0,3,4,partner,east,premium,4694.06,118.2,4,840.2,210.05,0.25,0.0,0.75,1.2176988072290904,23.40389972144847,-1.6034463526903648,growing,assisted
RID-001012,45.0,86228.05,36.7,7.3,4,634.34,321.16,2,1,3,5,branch,south,basic,3722.09,7.3,4,634.34,158.585,0.4,0.25,0.6,1.9751525719267655,17.284468664850134,-0.8635371683254025,mature,in_person
RID-001751,49.0,27947.3,47.5,21.8,10,3006.37,2313.73,0,0,4,7,online,west,premium,5696.93,21.8,10,3006.37,300.637,0.0,0.0,0.5714285714285714,1.2993607724323926,63.291999999999994,2.447687280748567,mature,digital
RID-000094,43.0,47221.45,50.7,17.5,5,839.71,451.44,1,1,5,8,agent,west,plus,3200.07,17.5,5,839.71,167.942,0.125,0.2,0.625,1.860069998227893,16.56232741617357,-0.31869566149583173,mature,assisted
RID-001009,30.0,41301.37,30.6,90.7,8,1669.38,1328.84,2,0,2,5,partner,east,plus,3459.5,90.7,8,1669.38,208.6725,0.4,0.0,0.4,1.2562686252671504,54.55490196078431,-1.1807779631672193,growing,assisted
RID-001071,48.0,91058.06,52.4,8.0,4,660.94,409.7,1,0,5,7,branch,south,premium,3874.19,8.0,4,660.94,165.235,0.14285714285714285,0.0,0.7142857142857143,1.6132291920917747,12.613358778625956,1.315217496058719,mature,in_person
RID-001093,32.0,62238.7,23.2,66.6,7,1101.9,971.74,0,0,3,6,branch,south,basic,3738.82,66.6,7,1101.9,157.41428571428574,0.0,0.0,0.5,1.1339452940086856,47.49568965517242,-0.3450246109323356,growing,in_person
RID-001624,44.0,99166.78,23.2,113.5,7,1077.77,962.11,2,0,2,4,online,north,enterprise,4430.25,113.5,7,1077.77,153.96714285714285,0.5,0.0,0.5,1.1202149442371454,46.455603448275866,-1.6688075739662152,growing,digital
RID-000697,51.0,22567.73,49.4,43.8,8,1226.82,804.89,1,0,4,5,online,south,premium,3646.21,43.8,8,1226.82,153.3525,0.2,0.0,0.8,1.5242082769074035,24.834412955465588,2.291195571807308,mature,digital
RID-001615,36.0,62764.86,39.2,78.9,9,1510.2,1176.29,0,2,2,5,online,west,premium,3634.44,78.9,9,1510.2,167.8,0.0,0.2222222222222222,0.4,1.283867073595797,38.525510204081634,-1.8748440846453898,mature,digital
RID-000997,47.0,70273.55,50.4,22.4,6,1181.53,707.99,2,0,6,9,partner,south,plus,4372.81,22.4,6,1181.53,196.92166666666665,0.2222222222222222,0.0,0.6666666666666666,1.6688512549612282,23.443055555555556,1.4160960588786038,mature,assisted
RID-000154,24.0,88927.81,36.1,119.5,7,716.53,566.23,0,0,3,6,agent,east,premium,3977.45,119.5,7,716.53,102.36142857142856,0.0,0.0,0.5,1.2654398389347083,19.84847645429363,-1.8381614711560506,mature,assisted
RID-001100,35.0,111916.54,15.5,23.1,10,1570.14,1197.73,2,1,1,3,branch,north,basic,5107.48,23.1,10,1570.14,157.014,0.6666666666666666,0.1,0.3333333333333333,1.310929842284989,101.29935483870969,0.49841151842061704,growing,in_person
RID-001553,48.0,56479.87,1.0,27.6,4,592.29,490.81,1,1,0,2,branch,west,basic,2121.8,27.6,4,592.29,148.0725,0.5,0.25,0.0,1.2067602534585684,592.29,-4.65880371172865,new,in_person
RID-001798,41.0,80981.02,46.5,33.2,4,651.55,399.31,1,0,4,6,online,east,plus,4599.99,33.2,4,651.55,162.8875,0.16666666666666666,0.0,0.6666666666666666,1.6316896646715584,14.011827956989247,0.3481941550113332,mature,digital
RID-000790,34.0,43705.64,41.2,33.2,4,224.27,191.55,0,0,4,6,branch,east,premium,2347.01,33.2,4,224.27,56.0675,0.0,0.0,0.6666666666666666,1.170817019055077,5.443446601941748,0.3481941550113332,mature,in_person
RID-000581,51.0,55628.85,39.8,42.6,7,1660.45,1008.49,0,1,3,5,online,south,premium,4022.38,42.6,7,1660.45,237.20714285714286,0.0,0.14285714285714285,0.6,1.6464714573272914,41.71984924623116,-0.03612931302559491,mature,digital
RID-000704,48.0,99964.84,42.9,12.1,2,430.54,372.46,1,1,5,8,online,west,basic,3697.51,12.1,2,430.54,215.27,0.125,0.5,0.625,1.155936207914944,10.035897435897438,-3.2125671484726306,mature,digital
RID-001213,43.0,102158.95,41.6,4.9,11,2773.62,2293.08,0,0,5,8,partner,west,premium,6569.07,4.9,11,2773.62,252.1472727272727,0.0,0.0,0.625,1.2095609398712648,66.67355769230768,3.59393729675239,mature,assisted
RID-001296,39.0,95663.76,44.2,112.5,8,824.76,551.7,0,0,3,6,agent,west,premium,4418.48,112.5,8,824.76,103.095,0.0,0.0,0.5,1.494942903752039,18.659728506787328,-1.2590494799717922,mature,assisted
RID-001505,62.0,58871.39,47.2,135.1,1,270.5,172.66,0,2,4,7,agent,north,premium,1945.25,135.1,1,270.5,270.5,0.0,2.0,0.5714285714285714,1.5666628055137264,5.7309322033898304,-16.862021885079876,mature,assisted
RID-001261,55.0,79518.35,39.3,41.6,6,751.52,426.45,0,3,4,7,agent,west,enterprise,3123.79,41.6,6,751.52,125.25333333333333,0.0,0.5,0.5714285714285714,1.7622699026849573,19.12264631043257,-2.806798126261191,mature,assisted
RID-000488,52.0,60909.25,21.8,41.6,9,1203.0,884.8,0,0,2,4,agent,west,plus,3614.82,41.6,9,1203.0,133.66666666666666,0.0,0.0,0.5,1.359629294755877,55.18348623853211,1.1236815162842115,growing,assisted
RID-000560,36.0,34097.67,41.4,13.6,8,1800.25,902.17,0,0,2,4,online,west,enterprise,4471.38,13.6,8,1800.25,225.03125,0.0,0.0,0.5,1.995466486360664,43.484299516908216,1.5324672587073263,mature,digital
RID-001142,45.0,53579.23,60.9,19.6,7,1076.3,821.52,1,0,4,7,online,west,plus,3339.56,19.6,7,1076.3,153.75714285714284,0.14285714285714285,0.0,0.5714285714285714,1.310132437433051,17.673234811165845,1.3651863763298229,mature,digital
RID-001120,49.0,87913.24,36.8,18.8,3,583.66,447.03,1,1,3,6,agent,west,plus,4206.84,18.8,3,583.66,194.5533333333333,0.16666666666666666,0.3333333333333333,0.5,1.305639442543006,15.860326086956523,-2.6349601867925596,mature,assisted
RID-000802,38.0,84604.85,34.4,11.5,9,803.42,605.5,1,0,4,5,agent,west,basic,4635.02,11.5,9,803.42,89.26888888888888,0.2,0.0,0.8,1.3268703550784475,23.355232558139534,3.5844164961420377,growing,assisted
RID-000513,27.0,75704.46,20.3,40.4,8,1666.77,973.77,0,1,2,3,branch,south,premium,5066.38,40.4,8,1666.77,208.34625,0.0,0.125,0.6666666666666666,1.7116670260944575,82.10689655172413,0.8787273141266229,growing,in_person
RID-000634,60.0,32878.14,56.6,159.4,3,414.02,257.79,1,0,4,6,online,north,plus,2675.59,159.4,3,414.02,138.00666666666666,0.16666666666666666,0.0,0.6666666666666666,1.6060359207106558,7.3148409893992925,-3.5954152603443195,mature,digital
RID-001331,51.0,70899.51,73.8,21.7,9,930.67,742.63,0,0,6,8,branch,east,enterprise,4958.84,21.7,9,930.67,103.40777777777777,0.0,0.0,0.75,1.2532081925050158,12.61070460704607,3.0279910494267366,loyal,in_person
RID-001610,48.0,90186.88,26.0,45.7,8,1380.84,1060.42,1,2,4,7,agent,south,plus,4286.32,45.7,8,1380.84,172.605,0.14285714285714285,0.25,0.5714285714285714,1.302163293789253,53.10923076923076,-0.5747145161992611,growing,assisted
RID-001151,40.0,131572.21,27.4,16.3,6,1048.62,725.55,1,0,2,4,branch,east,plus,4317.77,16.3,6,1048.62,174.76999999999998,0.25,0.0,0.5,1.4452759975191234,38.270802919708025,0.6931931160463334,growing,in_person
RID-000791,33.0,96945.51,40.4,37.6,9,2070.71,1769.19,1,1,2,3,branch,south,plus,5892.78,37.6,9,2070.71,230.07888888888888,0.3333333333333333,0.1111111111111111,0.6666666666666666,1.1704282750863388,51.25519801980198,1.4273329041788896,mature,in_person
RID-000117,33.0,89215.18,39.6,60.2,6,1059.54,632.85,0,0,4,7,partner,south,basic,4482.16,60.2,6,1059.54,176.59,0.0,0.0,0.5714285714285714,1.6742356008532826,26.756060606060604,-0.16230743911751278,mature,assisted
RID-000741,52.0,85105.98,28.4,8.5,9,894.9,522.95,0,0,3,5,partner,north,basic,4959.37,8.5,9,894.9,99.43333333333334,0.0,0.0,0.6,1.711253465914523,31.510563380281692,2.5949981587666313,growing,assisted
RID-001082,27.0,111023.04,32.2,37.3,7,738.29,562.36,2,0,3,6,branch,west,plus,3860.76,37.3,7,738.29,105.47,0.3333333333333333,0.0,0.5,1.3128423074187352,22.928260869565214,0.48198692034469337,growing,in_person
RID-000831,44.0,55992.09,29.5,56.7,6,1083.96,809.96,1,0,3,4,branch,south,premium,3935.04,56.7,6,1083.96,180.66,0.25,0.0,0.75,1.3382883105338534,36.74440677966102,0.8954959824310137,growing,in_person
RID-000120,53.0,49057.63,38.7,57.3,7,2020.35,1641.89,2,0,5,8,online,south,premium,4088.63,57.3,7,2020.35,288.62142857142857,0.25,0.0,0.625,1.2305026524310396,52.20542635658914,0.5887834834433614,mature,digital
RID-000657,22.0,70527.7,39.6,86.7,7,1467.45,1272.95,0,0,3,5,branch,south,basic,4447.28,86.7,7,1467.45,209.6357142857143,0.0,0.0,0.6,1.152794689500766,37.05681818181818,-0.3753125235331223,mature,in_person
RID-001712,41.0,46087.06,53.2,36.6,8,1263.25,881.53,1,0,4,6,agent,north,basic,3932.26,36.6,8,1263.25,157.90625,0.16666666666666666,0.0,0.6666666666666666,1.4330198631924043,23.745300751879697,1.7783567244548937,mature,assisted
RID-000636,38.0,50827.57,33.4,47.3,6,1050.52,642.97,0,0,2,5,agent,east,enterprise,3016.94,47.3,6,1050.52,175.08666666666667,0.0,0.0,0.4,1.6338553898315629,31.452694610778444,-0.7188496624196441,growing,assisted
RID-000370,33.0,93523.32,45.9,8.0,10,1367.99,692.11,0,3,4,5,agent,south,plus,5112.61,8.0,10,1367.99,136.799,0.0,0.3,0.8,1.9765499703804308,29.803703703703704,2.1630460529062585,mature,assisted
RID-000269,48.0,80213.42,18.2,20.8,7,1435.86,991.65,2,0,2,4,online,west,plus,4329.4,20.8,7,1435.86,205.12285714285713,0.5,0.0,0.5,1.4479503857207683,78.8934065934066,0.9477101376167403,growing,digital
RID-000656,42.0,84513.89,45.5,71.7,8,1385.76,1160.58,0,0,4,6,online,south,basic,4846.66,71.7,8,1385.76,173.22,0.0,0.0,0.6666666666666666,1.1940236778162643,30.456263736263736,0.7876364258943571,mature,digital
RID-000936,31.0,73427.65,17.8,12.3,5,112.81,92.51,3,1,1,4,agent,west,basic,2749.61,12.3,5,112.81,22.562,0.75,0.2,0.25,1.219435736677116,6.337640449438202,-2.1858509451256647,growing,assisted
RID-000823,50.0,49689.87,37.3,38.6,6,820.87,509.25,2,0,2,4,agent,north,basic,3076.87,38.6,6,820.87,136.81166666666667,0.5,0.0,0.5,1.6119194894452626,22.007238605898124,0.06376113149077883,mature,assisted
RID-000867,59.0,48258.95,52.9,59.5,6,1000.2,833.44,1,0,4,7,agent,east,basic,2833.65,59.5,6,1000.2,166.70000000000002,0.14285714285714285,0.0,0.5714285714285714,1.2000863889422153,18.907372400756145,-0.1425494844453653,mature,assisted
RID-000047,27.0,70208.64,48.0,31.9,7,316.82,217.56,0,1,3,6,branch,west,premium,3532.36,31.9,7,316.82,45.26,0.0,0.14285714285714285,0.5,1.4562419562419562,6.600416666666667,-0.27116250602221703,mature,in_person
RID-001543,40.0,94938.28,33.2,28.2,2,104.64,66.99,1,3,4,5,online,north,enterprise,3359.0,28.2,2,104.64,52.32,0.2,1.5,0.8,1.562024182713838,3.1518072289156622,-9.066142267572324,growing,digital
RID-000992,33.0,46670.22,31.2,43.0,6,1083.82,573.07,1,1,0,3,online,south,plus,2675.33,43.0,6,1083.82,180.63666666666666,0.3333333333333333,0.16666666666666666,0.0,1.8912523775455004,34.73782051282051,-3.8021658641849654,growing,digital
RID-000877,41.0,86764.59,48.2,5.1,6,460.46,373.03,1,0,5,7,agent,north,plus,3618.0,5.1,6,460.46,76.74333333333333,0.14285714285714285,0.0,0.7142857142857143,1.2343779320698067,9.55311203319502,2.1601367686260398,mature,assisted
RID-000774,44.0,67883.72,8.7,47.1,5,1259.52,731.7,0,3,0,3,agent,south,premium,3602.33,47.1,5,1259.52,251.904,0.0,0.6,0.0,1.721361213612136,144.77241379310345,-7.046312871035349,new,assisted
RID-001220,41.0,93336.42,15.6,30.7,4,486.96,296.55,0,0,1,2,online,south,enterprise,3473.6,30.7,4,486.96,121.74,0.0,0.0,0.5,1.642083965604451,31.215384615384615,-0.4763211261348381,growing,digital
RID-001800,44.0,50590.85,21.1,40.5,8,1174.96,757.49,1,0,2,3,branch,west,premium,4222.89,40.5,8,1174.96,146.87,0.3333333333333333,0.0,0.6666666666666666,1.5511227870994997,55.68530805687204,1.6682766912815008,growing,in_person
RID-000005,33.0,96599.86,29.6,31.5,7,1188.84,834.3,0,0,3,4,online,south,enterprise,4806.52,31.5,7,1188.84,169.8342857142857,0.0,0.0,0.75,1.4249550521395182,40.16351351351351,1.9883147950911053,growing,digital
RID-001004,49.0,61521.06,64.3,107.8,8,1756.38,910.31,1,0,6,9,online,west,plus,4003.34,107.8,8,1756.38,219.5475,0.1111111111111111,0.0,0.6666666666666666,1.9294306335204494,27.315396578538106,-0.2313095221978183,mature,digital
RID-001556,66.0,86945.51,29.6,88.9,10,2069.62,1395.73,1,0,3,4,online,west,plus,5458.28,88.9,10,2069.62,206.962,0.25,0.0,0.75,1.4828226089573198,69.91959459459459,1.5127598453633646,growing,digital
RID-000264,28.0,104059.14,39.0,47.9,4,225.56,130.56,1,0,3,5,online,east,plus,3256.55,47.9,4,225.56,56.39,0.2,0.0,0.6,1.7276348039215685,5.783589743589744,-0.424754655093871,mature,digital
RID-001415,53.0,92145.37,48.7,12.9,3,704.57,609.86,0,0,6,8,agent,west,plus,3752.67,12.9,3,704.57,234.85666666666668,0.0,0.0,0.75,1.1552979372314958,14.467556468172484,0.9871820985284611,mature,assisted
RID-001648,49.0,65854.21,33.7,100.8,6,616.51,445.63,0,0,2,3,online,south,plus,3281.59,100.8,6,616.51,102.75166666666667,0.0,0.0,0.6666666666666666,1.3834571281107646,18.29406528189911,-0.7967948644019107,growing,digital
RID-000444,51.0,63045.58,28.7,76.9,8,1511.75,1134.35,1,0,2,4,branch,north,plus,3855.17,76.9,8,1511.75,188.96875,0.25,0.0,0.5,1.3327015471415349,52.674216027874564,-0.2542163566454363,growing,in_person
RID-001003,54.0,69652.99,30.1,125.4,6,1177.72,732.12,2,0,3,6,online,south,plus,3721.42,125.4,6,1177.72,196.28666666666666,0.3333333333333333,0.0,0.5,1.608643391793695,39.12691029900332,-2.3862252478555055,growing,digital
RID-001078,45.0,69249.63,13.6,84.3,7,425.28,264.46,0,0,1,2,branch,south,premium,2616.56,84.3,7,425.28,60.75428571428571,0.0,0.0,0.5,1.6081070861377902,31.270588235294117,-0.8446186076423499,growing,in_person
RID-000838,55.0,68406.91,22.6,104.9,1,188.63,95.76,0,1,0,3,online,west,basic,1567.71,104.9,1,188.63,188.63,0.0,1.0,0.0,1.9698203842940682,8.34646017699115,-12.739475406560963,growing,digital
RID-001613,47.0,86315.68,30.5,39.0,6,630.75,386.56,0,0,3,6,agent,south,basic,3767.42,39.0,6,630.75,105.125,0.0,0.0,0.5,1.6317001241721854,20.68032786885246,0.0524708716781232,growing,assisted
RID-000305,39.0,112772.68,27.1,9.5,4,1025.71,660.01,2,0,1,3,online,east,basic,3476.31,9.5,4,1025.71,256.4275,0.6666666666666666,0.0,0.3333333333333333,1.5540825139013046,37.84907749077491,-0.7730167610393568,growing,digital
RID-001403,25.0,67244.72,5.2,57.1,6,1400.47,811.27,1,0,0,2,online,south,basic,3673.21,57.1,6,1400.47,233.41166666666666,0.5,0.0,0.0,1.7262686898319919,269.32115384615383,-3.1436515997703562,new,digital
RID-000314,34.0,86817.36,32.8,36.9,7,1017.52,891.79,0,1,4,7,online,south,enterprise,3816.87,36.9,7,1017.52,145.35999999999999,0.0,0.14285714285714285,0.5714285714285714,1.1409861065946019,31.021951219512196,-0.0286852944052976,growing,digital
RID-000150,37.0,58212.97,36.2,24.9,10,824.64,711.63,1,0,3,5,branch,east,premium,3941.92,24.9,10,824.64,82.464,0.2,0.0,0.6,1.158804434888917,22.780110497237565,2.5136299509105315,mature,in_person
RID-001149,32.0,20141.35,41.0,148.9,8,717.81,582.5,2,1,4,5,partner,south,plus,2691.04,148.9,8,717.81,89.72625,0.4,0.125,0.8,1.232291845493562,17.507560975609756,-1.4676921360760158,mature,assisted
RID-001214,49.0,79234.83,32.5,88.4,6,463.39,385.14,0,0,2,4,branch,east,basic,3399.25,88.4,6,463.39,77.23166666666667,0.0,0.0,0.5,1.203172872202316,14.258153846153846,-1.3418762151848542,growing,in_person
RID-000575,22.0,81141.32,41.3,55.7,6,1367.29,916.7,0,0,3,6,partner,east,premium,4417.17,55.7,6,1367.29,227.88166666666666,0.0,0.0,0.5,1.4915348532780626,33.10629539951574,-0.4188974755002518,mature,assisted
RID-000051,52.0,128827.82,46.7,37.3,4,693.98,594.15,2,0,4,6,agent,north,premium,4323.23,37.3,4,693.98,173.495,0.3333333333333333,0.0,0.6666666666666666,1.168021543381301,14.860385438972163,0.23246899193161258,mature,assisted
RID-001606,49.0,89317.75,45.1,23.6,5,663.49,588.04,0,0,3,6,online,north,premium,3776.61,23.6,5,663.49,132.698,0.0,0.0,0.5,1.1283075981225767,14.711529933481152,0.10561343000258361,mature,digital
RID-000727,52.0,56304.39,63.7,69.5,8,1622.91,971.76,0,1,5,6,online,east,premium,4088.9,69.5,8,1622.91,202.86375,0.0,0.125,0.8333333333333334,1.670072857495678,25.477394034536893,0.9524403177311919,mature,digital
RID-000834,18.0,45816.92,19.9,23.4,7,1646.05,916.11,0,2,1,3,agent,east,plus,3062.66,23.4,7,1646.05,235.15,0.0,0.2857142857142857,0.3333333333333333,1.7967820458241914,82.71608040201005,-1.8318918238163155,growing,assisted
RID-001116,34.0,98020.13,50.6,10.6,8,1360.58,848.3,0,0,4,6,online,north,basic,4828.28,10.6,8,1360.58,170.0725,0.0,0.0,0.6666666666666666,1.6038901332075917,26.88893280632411,2.5122236122775132,mature,digital
RID-001167,33.0,57817.57,43.5,58.8,12,1391.66,1244.2,1,0,4,6,branch,south,plus,4050.86,58.8,12,1391.66,115.97166666666668,0.16666666666666666,0.0,0.6666666666666666,1.1185179231634785,31.99218390804598,2.677877082703637,mature,in_person
RID-000471,32.0,95801.21,24.7,7.9,9,1393.15,815.9,0,0,2,3,online,east,plus,4903.05,7.9,9,1393.15,154.79444444444445,0.0,0.0,0.6666666666666666,1.707500919230298,56.40283400809717,2.9699653104757227,growing,digital
RID-000972,44.0,84302.94,50.4,30.9,6,1179.56,931.62,1,1,4,5,branch,south,basic,4829.75,30.9,6,1179.56,196.59333333333333,0.2,0.16666666666666666,0.8,1.2661385543461925,23.403968253968255,0.8357456390291644,mature,in_person
RID-000654,48.0,83579.64,38.9,49.5,5,60.0,34.44,0,1,3,5,partner,west,basic,2936.0,49.5,5,60.0,12.0,0.0,0.2,0.6,1.7421602787456447,1.5424164524421595,-1.3561783572545774,mature,assisted
RID-000400,46.0,98381.12,25.0,34.2,9,1367.2,801.56,0,0,3,5,agent,east,plus,5041.83,34.2,9,1367.2,151.91111111111113,0.0,0.0,0.6,1.7056739358251412,54.688,1.8695989658035035,growing,assisted
RID-000512,59.0,39175.38,34.7,12.1,7,1320.06,882.08,1,2,3,6,branch,north,plus,2987.55,12.1,7,1320.06,188.57999999999998,0.16666666666666666,0.2857142857142857,0.5,1.4965309269000542,38.042074927953884,-0.6178625791335226,growing,in_person
RID-000321,50.0,84392.37,25.2,23.8,4,506.92,297.43,0,0,2,5,partner,west,premium,4081.02,23.8,4,506.92,126.73,0.0,0.0,0.4,1.7043337928252025,20.115873015873017,-0.8186117873516898,growing,assisted
RID-000020,40.0,75199.06,17.9,67.0,12,992.24,507.09,0,0,0,1,online,east,basic,2731.78,67.0,12,992.24,82.68666666666667,0.0,0.0,0.0,1.9567335187047665,55.432402234636875,-1.1338908633568836,growing,digital
RID-000685,27.0,52666.14,30.9,103.7,9,1605.52,1233.73,0,0,2,3,branch,north,premium,4758.12,103.7,9,1605.52,178.39111111111112,0.0,0.0,0.6666666666666666,1.3013544292511328,51.958576051779936,0.2659480853446856,growing,in_person
RID-000036,33.0,38316.72,24.7,37.2,10,1360.5,1166.23,1,1,2,4,online,south,basic,3701.53,37.2,10,1360.5,136.05,0.25,0.1,0.5,1.1665794911809848,55.08097165991903,0.9955092649997741,growing,digital
RID-000903,39.0,69493.1,64.3,58.5,5,984.69,727.61,0,1,6,9,online,east,premium,3499.05,58.5,5,984.69,196.93800000000002,0.0,0.2,0.6666666666666666,1.3533211473179314,15.313996889580094,-1.2521774410492224,mature,digital
RID-000828,38.0,110238.7,49.7,44.9,4,657.99,537.53,0,0,4,5,online,east,plus,4668.32,44.9,4,657.99,164.4975,0.0,0.0,0.8,1.2240991200491136,13.239235412474848,0.7340175794713709,mature,digital
RID-001618,49.0,80315.16,24.1,22.4,6,747.11,444.91,1,0,3,4,agent,south,plus,4050.76,22.4,6,747.11,124.51833333333333,0.25,0.0,0.75,1.6792384976736867,31.000414937759334,1.8636357613662389,growing,assisted
RID-000408,58.0,90370.75,47.3,15.4,10,941.67,692.42,1,1,3,5,agent,east,plus,4982.3,15.4,10,941.67,94.167,0.2,0.1,0.6,1.359969382744577,19.90845665961945,2.1478760677746704,mature,assisted
RID-000921,35.0,83710.18,48.6,15.0,2,302.99,186.45,2,0,5,8,branch,south,enterprise,3942.01,15.0,2,302.99,151.495,0.25,0.0,0.625,1.6250469294717085,6.234362139917695,-0.12493376368221698,mature,in_person
RID-000538,44.0,83225.78,27.4,64.8,5,714.9,414.54,1,0,4,5,branch,east,premium,3577.44,64.8,5,714.9,142.98,0.2,0.0,0.8,1.7245621652916485,26.09124087591241,0.553859598254534,growing,in_person
RID-000759,33.0,80071.2,67.9,32.2,8,705.09,484.05,0,0,4,5,online,south,premium,4387.46,32.2,8,705.09,88.13625,0.0,0.0,0.8,1.4566470405949798,10.384241531664212,2.6186131063743225,mature,digital
RID-001063,23.0,105285.28,20.4,31.9,6,1557.47,1380.41,1,0,2,5,agent,north,premium,4269.4,31.9,6,1557.47,259.5783333333333,0.2,0.0,0.4,1.1282662397403669,76.34656862745099,-0.2841746596324002,growing,assisted
RID-001200,38.0,59339.06,47.6,178.7,7,1120.48,728.57,0,1,4,7,agent,west,basic,3857.61,178.7,7,1120.48,160.06857142857143,0.0,0.14285714285714285,0.5714285714285714,1.5379167410132175,23.539495798319326,-4.031082397991738,mature,assisted
RID-000246,35.0,58322.48,52.2,87.3,12,1046.36,903.5,0,0,5,7,online,north,enterprise,3731.08,87.3,12,1046.36,87.19666666666666,0.0,0.0,0.7142857142857143,1.1581184283342556,20.045210727969344,2.129183043901997,mature,digital
RID-001128,39.0,58508.87,29.2,170.3,6,966.61,697.81,0,0,2,3,online,north,plus,3022.32,170.3,6,966.61,161.10166666666666,0.0,0.0,0.6666666666666666,1.385205141800777,33.10308219178082,-2.7584775068508365,growing,digital
RID-000785,28.0,100281.67,23.1,59.5,7,1737.87,946.73,2,0,2,5,partner,south,plus,4987.15,59.5,7,1737.87,248.26714285714283,0.4,0.0,0.4,1.8356553610849977,75.23246753246752,-0.681670142242859,growing,assisted
RID-000490,36.0,62263.89,46.5,38.0,4,821.02,702.34,1,0,5,8,agent,east,plus,4225.19,38.0,4,821.02,205.255,0.125,0.0,0.625,1.168977987869123,17.656344086021505,-0.011058813984352156,mature,assisted
RID-000155,47.0,66961.71,30.7,88.3,9,1210.51,839.05,0,1,3,4,online,east,basic,3786.66,88.3,9,1210.51,134.5011111111111,0.0,0.1111111111111111,0.75,1.4427149752696502,39.43029315960912,0.44383217541241654,growing,digital
RID-000962,48.0,31105.45,59.8,171.8,6,1019.35,786.48,0,1,5,8,agent,east,basic,2783.97,171.8,6,1019.35,169.89166666666668,0.0,0.16666666666666666,0.625,1.2960914454277286,17.04598662207358,-4.081081755202835,mature,assisted
RID-000854,52.0,109542.11,24.8,44.9,7,1267.36,865.19,4,1,1,2,agent,south,premium,4710.74,44.9,7,1267.36,181.05142857142854,2.0,0.14285714285714285,0.5,1.4648343138501367,51.103225806451604,-0.6380959499335268,growing,assisted
RID-001312,39.0,56888.22,46.8,49.1,8,739.78,536.42,0,1,3,5,agent,south,basic,3343.85,49.1,8,739.78,92.4725,0.0,0.125,0.6,1.3791059244621753,15.807264957264957,0.2751324012112538,mature,assisted
RID-000626,39.0,77475.61,35.4,40.5,7,1064.63,775.92,1,0,3,4,branch,west,basic,4265.31,40.5,7,1064.63,152.09,0.25,0.0,0.75,1.3720873285905766,30.07429378531074,1.7342839493063527,growing,in_person
RID-000686,48.0,66024.31,21.7,27.7,10,1771.51,1091.14,0,2,2,5,online,north,premium,4357.31,27.7,10,1771.51,177.151,0.0,0.2,0.4,1.6235405172571804,81.63640552995392,0.09270773887875139,growing,digital
RID-001407,53.0,62276.63,33.7,44.6,8,2933.59,1818.74,1,0,3,5,agent,west,plus,5425.57,44.6,8,2933.59,366.69875,0.2,0.0,0.6,1.6129793153501875,87.05014836795252,1.1945197662116722,growing,assisted
RID-000570,26.0,99162.9,39.3,101.8,8,668.01,522.77,1,0,3,5,branch,north,plus,4368.33,101.8,8,668.01,83.50125,0.2,0.0,0.6,1.277827725385925,16.99770992366412,-0.4199873869980909,mature,in_person
RID-001713,37.0,74726.49,53.4,63.8,9,873.99,555.28,0,2,4,5,agent,north,basic,4224.14,63.8,9,873.99,97.11,0.0,0.2222222222222222,0.8,1.5739626854920041,16.36685393258427,0.6995537952230104,mature,assisted
RID-000018,37.0,90134.18,29.6,32.8,4,539.59,271.11,1,1,2,4,online,north,enterprise,3406.25,32.8,4,539.59,134.8975,0.25,0.25,0.5,1.9902991405702481,18.229391891891893,-2.120338874367364,growing,digital
RID-000128,25.0,82448.63,47.9,79.3,3,201.07,115.71,2,1,4,7,online,north,basic,3484.09,79.3,3,201.07,67.02333333333333,0.2857142857142857,0.3333333333333333,0.5714285714285714,1.7377063348025237,4.1977035490605425,-3.959006524181617,mature,digital
RID-001347,39.0,90535.39,17.7,76.4,9,369.84,194.31,0,0,3,4,agent,east,premium,3947.04,76.4,9,369.84,41.093333333333334,0.0,0.0,0.75,1.9033503165045544,20.894915254237286,1.4840480200460713,growing,assisted
RID-001280,47.0,96989.48,40.6,37.7,9,1528.38,1333.78,2,0,2,4,branch,west,premium,4901.71,37.7,9,1528.38,169.82000000000002,0.5,0.0,0.5,1.1459011231237537,37.6448275862069,1.2337615494576044,mature,in_person
RID-001769,51.0,120512.51,25.2,50.0,4,905.55,501.36,0,0,2,4,agent,east,basic,4805.9,50.0,4,905.55,226.3875,0.0,0.0,0.5,1.8061871708951651,35.93452380952381,-1.0210761620954751,growing,assisted
RID-000928,38.0,66967.83,33.4,36.4,6,1050.61,525.81,2,0,3,6,agent,south,basic,3907.54,36.4,6,1050.61,175.10166666666666,0.3333333333333333,0.0,0.5,1.9980791540670584,31.455389221556885,0.1258575604603852,growing,assisted
RID-000981,35.0,117774.52,23.2,58.6,1,182.84,122.81,0,0,2,3,online,west,basic,3920.8,58.6,1,182.84,182.84,0.0,0.0,0.6666666666666666,1.4888038433352333,7.881034482758621,-1.5133346764806532,growing,digital
RID-001765,34.0,127141.96,19.0,39.9,5,816.64,618.78,1,0,2,5,branch,south,premium,4723.58,39.9,5,816.64,163.328,0.2,0.0,0.4,1.3197582339442129,42.98105263157895,-0.8915123003482974,growing,in_person
RID-000191,33.0,73196.56,16.7,54.3,9,2023.57,1574.38,0,0,1,2,branch,south,basic,5063.62,54.3,9,2023.57,224.8411111111111,0.0,0.0,0.5,1.2853123134186155,121.17185628742516,0.7652157672323936,growing,in_person
RID-001140,34.0,47964.94,17.3,104.4,7,902.68,729.01,0,0,2,3,online,north,premium,2903.23,104.4,7,902.68,128.9542857142857,0.0,0.0,0.6666666666666666,1.2382271848122797,52.17803468208092,-0.5168747582530286,growing,digital
RID-000993,43.0,111255.5,32.6,35.6,6,1740.16,1371.35,0,0,3,4,online,north,basic,5857.28,35.6,6,1740.16,290.0266666666667,0.0,0.0,0.75,1.268939366317862,53.379141104294476,1.4910571875486012,growing,digital
RID-001756,38.0,54535.04,16.1,47.8,10,1814.43,1428.07,0,0,2,5,agent,east,basic,3434.63,47.8,10,1814.43,181.443,0.0,0.0,0.4,1.2705469619836565,112.6975155279503,0.7931672906656702,growing,assisted
RID-001579,53.0,94790.29,26.4,17.7,9,1518.94,1233.75,0,2,3,5,agent,east,basic,4598.92,17.7,9,1518.94,168.7711111111111,0.0,0.2222222222222222,0.6,1.2311570415400204,57.535606060606064,0.9266609526612539,growing,assisted
RID-000607,44.0,44276.12,27.6,27.7,8,1481.2,1295.1,0,1,1,4,branch,north,premium,4187.11,27.7,8,1481.2,185.15,0.0,0.125,0.25,1.1436954675314648,53.666666666666664,-1.0005054492597334,growing,in_person
RID-000181,51.0,50253.96,29.8,61.9,13,3033.44,1772.06,0,1,4,7,agent,west,basic,5114.68,61.9,13,3033.44,233.34153846153848,0.0,0.07692307692307693,0.5714285714285714,1.7118156270103722,101.79328859060402,1.9728225650824665,growing,assisted
RID-000302,46.0,52293.0,43.8,33.1,11,2311.94,1662.3,0,0,4,6,online,west,premium,4637.48,33.1,11,2311.94,210.17636363636365,0.0,0.0,0.6666666666666666,1.3908079167418637,52.784018264840185,3.021743831203981,mature,digital
RID-000497,45.0,67421.94,43.4,101.4,4,845.12,542.61,1,0,3,4,online,west,premium,3688.12,101.4,4,845.12,211.28,0.25,0.0,0.75,1.5575090765006174,19.472811059907833,-1.1292554405588264,mature,digital
RID-001531,26.0,91512.73,41.9,68.6,9,1566.78,1091.7,0,1,4,6,online,east,basic,4589.84,68.6,9,1566.78,174.08666666666667,0.0,0.1111111111111111,0.6666666666666666,1.4351744984885957,37.39331742243437,0.5523377686980742,mature,digital
RID-001544,33.0,67043.31,30.0,74.1,6,876.64,704.03,1,0,3,6,branch,east,basic,3646.34,74.1,6,876.64,146.10666666666665,0.16666666666666666,0.0,0.5,1.2451742113262219,29.221333333333334,-0.9382494268824131,growing,in_person
RID-001711,48.0,104664.52,37.9,40.9,5,925.5,502.71,1,0,4,5,agent,south,basic,4668.49,40.9,5,925.5,185.1,0.2,0.0,0.8,1.841021662588769,24.41952506596306,1.2284526220607113,mature,assisted
RID-001794,39.0,86319.84,19.8,85.6,7,1349.81,957.93,0,0,1,3,agent,north,basic,4029.82,85.6,7,1349.81,192.82999999999998,0.0,0.0,0.3333333333333333,1.4090904345829027,68.17222222222222,-1.7763913570087508,growing,assisted
RID-000518,38.0,100147.69,34.1,22.6,5,573.16,418.49,1,0,3,4,online,west,plus,4549.06,22.6,5,573.16,114.63199999999999,0.25,0.0,0.75,1.3695906712227293,16.80821114369501,1.4764581869971276,growing,digital
RID-001785,36.0,103540.2,22.7,8.3,3,285.43,255.81,1,0,2,5,online,south,premium,3821.35,8.3,3,285.43,95.14333333333333,0.2,0.0,0.4,1.1157890621945976,12.574008810572687,-0.7626466640740648,growing,digital
RID-001070,43.0,58243.23,62.2,13.9,15,2916.69,2202.16,0,1,6,8,branch,north,basic,6099.67,13.9,15,2916.69,194.446,0.0,0.06666666666666667,0.75,1.3244677952555675,46.89212218649518,5.114747413425934,mature,in_person
RID-000477,37.0,33105.9,19.0,34.8,5,1046.87,830.79,1,1,1,2,partner,east,plus,2592.38,34.8,5,1046.87,209.37399999999997,0.5,0.2,0.5,1.2600897940514448,55.09842105263157,-1.4783089521246424,growing,assisted
RID-000158,36.0,106822.11,24.7,18.4,7,1193.48,699.75,1,0,1,2,branch,south,premium,4995.95,18.4,7,1193.48,170.49714285714285,0.5,0.0,0.5,1.705580564487317,48.319028340080976,1.0154516964926745,growing,in_person
RID-001244,39.0,75348.1,56.2,26.2,9,1816.3,1294.36,1,2,6,7,agent,north,plus,4463.2,26.2,9,1816.3,201.8111111111111,0.14285714285714285,0.2222222222222222,0.8571428571428571,1.4032417565437747,32.31850533807829,2.0677225850327368,mature,assisted
RID-001196,25.0,57800.1,51.9,91.6,8,1593.46,1358.65,3,0,4,7,online,south,premium,3670.24,91.6,8,1593.46,199.1825,0.42857142857142855,0.0,0.5714285714285714,1.1728259669524896,30.702504816955685,-0.28552794548541693,mature,digital
RID-000017,40.0,70476.92,17.2,5.7,3,389.66,305.31,2,1,1,4,agent,north,basic,2910.75,5.7,3,389.66,129.88666666666668,0.5,0.3333333333333333,0.25,1.276276571353706,22.6546511627907,-3.6078232853909906,growing,assisted
RID-001073,42.0,104474.08,48.2,26.1,10,1415.02,1198.26,0,0,4,5,online,west,basic,5213.49,26.1,10,1415.02,141.502,0.0,0.0,0.8,1.180895631999733,29.35726141078838,3.553854457442889,mature,digital
RID-001772,47.0,88048.05,20.6,35.7,6,994.32,561.85,1,0,3,6,online,south,premium,4239.61,35.7,6,994.32,165.72,0.16666666666666666,0.0,0.5,1.7697250155735518,48.26796116504854,0.1456155151325325,growing,digital
RID-000547,44.0,93852.61,32.2,31.3,5,882.47,476.5,2,1,3,4,online,south,basic,4642.08,31.3,5,882.47,176.494,0.5,0.2,0.75,1.8519832109129066,27.40590062111801,-0.03690007130100059,growing,digital
RID-000659,34.0,69623.06,37.0,13.0,6,663.97,375.29,2,1,3,5,online,south,premium,3615.61,13.0,6,663.97,110.66166666666668,0.4,0.16666666666666666,0.6,1.7692184710490553,17.945135135135136,0.26688947967518206,mature,digital
RID-001467,58.0,59178.36,52.8,38.1,7,1529.53,858.58,0,0,4,5,partner,west,premium,4116.85,38.1,7,1529.53,218.50428571428571,0.0,0.0,0.8,1.7814647441123714,28.968371212121212,2.0705493296748676,mature,assisted
RID-001020,53.0,51452.16,32.9,51.9,5,874.51,471.67,1,0,3,6,branch,west,enterprise,3003.05,51.9,5,874.51,174.902,0.16666666666666666,0.0,0.5,1.8540717026734792,26.580851063829787,-0.6931724517428062,growing,in_person
RID-001502,39.0,103832.0,59.0,57.3,4,753.76,409.07,1,0,5,6,agent,south,basic,4424.58,57.3,4,753.76,188.44,0.16666666666666666,0.0,0.8333333333333334,1.8426186227296062,12.775593220338983,0.5630354062740984,mature,assisted
RID-000960,35.0,50339.7,31.5,25.7,6,1249.07,844.5,2,1,4,5,agent,south,basic,3685.96,25.7,6,1249.07,208.1783333333333,0.4,0.16666666666666666,0.8,1.4790645352279455,39.65301587301587,0.9825190165936881,growing,assisted
RID-001693,55.0,83798.43,19.8,42.6,5,1079.77,568.5,1,1,3,5,branch,north,plus,4257.52,42.6,5,1079.77,215.954,0.2,0.2,0.6,1.8993315743183816,54.53383838383838,-1.1614213754862668,growing,in_person
RID-000284,50.0,52340.04,33.5,34.9,11,879.24,464.57,1,1,3,5,online,north,plus,3688.53,34.9,11,879.24,79.9309090909091,0.2,0.09090909090909091,0.6,1.8925888455991562,26.245970149253733,2.0366353967056194,growing,digital
RID-000798,47.0,101986.04,42.1,20.9,8,753.86,637.87,1,1,4,5,agent,north,plus,4613.86,20.9,8,753.86,94.2325,0.2,0.125,0.8,1.1818395597849092,17.906413301662706,2.145191003973804,mature,assisted
RID-001468,28.0,68637.04,37.1,14.2,6,1038.99,706.66,2,0,3,4,online,east,premium,4328.5,14.2,6,1038.99,173.165,0.5,0.0,0.75,1.4702827385164012,28.00512129380054,2.0950860875256803,mature,digital
RID-000226,31.0,85137.98,41.7,139.5,7,947.35,627.44,1,0,3,6,online,east,premium,3548.33,139.5,7,947.35,135.3357142857143,0.16666666666666666,0.0,0.5,1.50986548514599,22.718225419664268,-2.402674461788835,mature,digital
RID-000027,25.0,69245.64,1.0,55.7,7,1421.14,813.72,0,0,0,3,branch,north,premium,3913.56,55.7,7,1421.14,203.02,0.0,0.0,0.0,1.7464729882514871,1421.14,-2.7226032459632776,new,in_person
RID-001595,39.0,111932.51,37.1,25.2,8,1021.07,842.03,0,0,1,2,online,west,enterprise,5239.12,25.2,8,1021.07,127.63375,0.0,0.0,0.5,1.2126290037172074,27.52210242587601,1.2050497241403113,mature,digital
RID-000438,34.0,102684.0,48.4,161.6,10,1349.3,1086.02,1,0,5,8,branch,east,plus,5147.0,161.6,10,1349.3,134.93,0.125,0.0,0.625,1.2424264746505589,27.878099173553718,-1.2105544293182584,mature,in_person
RID-001750,52.0,61060.86,51.5,54.7,10,1494.25,804.23,1,0,4,6,agent,west,premium,4340.34,54.7,10,1494.25,149.425,0.16666666666666666,0.0,0.6666666666666666,1.8579883864068736,29.014563106796118,2.0305373568577907,mature,assisted
RID-001389,42.0,64198.81,19.7,23.3,5,723.8,649.96,0,0,1,4,agent,north,enterprise,3080.76,23.3,5,723.8,144.76,0.0,0.0,0.25,1.1136069911994584,36.74111675126903,-1.2285379826008291,growing,assisted
RID-000230,27.0,63102.29,23.6,32.2,10,1588.46,1134.98,0,0,3,4,agent,west,plus,3992.78,32.2,10,1588.46,158.846,0.0,0.0,0.75,1.399548890729352,67.30762711864406,3.1131541738073083,growing,assisted
RID-000038,30.0,85296.68,48.4,25.2,9,1487.9,1263.32,0,0,3,4,online,east,plus,5132.89,25.2,9,1487.9,165.32222222222222,0.0,0.0,0.75,1.1777696862236013,30.741735537190085,2.9292012760659993,mature,digital
RID-000750,37.0,93237.61,56.2,54.4,5,546.02,350.2,2,0,5,6,partner,north,plus,4120.9,54.4,5,546.02,109.204,0.3333333333333333,0.0,0.8333333333333334,1.559166190748144,9.715658362989323,1.0264222343786356,mature,assisted
RID-001046,29.0,65779.51,48.3,98.5,4,469.5,419.3,0,2,3,5,agent,north,premium,2919.9,98.5,4,469.5,117.375,0.0,0.5,0.6,1.1197233484378726,9.720496894409939,-5.022460289826983,mature,assisted
RID-001399,49.0,62359.76,57.8,27.5,6,1519.99,1089.06,1,1,4,6,branch,north,basic,4992.97,27.5,6,1519.99,253.33166666666668,0.16666666666666666,0.16666666666666666,0.6666666666666666,1.3956898609810295,26.297404844290657,0.2156493234565212,mature,in_person
RID-000470,46.0,99994.06,41.3,58.4,5,1145.59,637.63,0,1,3,5,online,west,basic,4879.32,58.4,5,1145.59,229.118,0.0,0.2,0.6,1.7966375484214983,27.738256658595642,-1.607386638086166,mature,digital
RID-001528,39.0,76325.21,30.9,37.4,5,666.02,491.51,1,1,3,4,online,west,plus,3741.6,37.4,5,666.02,133.204,0.25,0.2,0.75,1.355048727391101,21.554045307443367,-0.20907653344399968,growing,digital
RID-001768,43.0,79857.32,29.1,60.7,5,226.85,191.62,1,0,3,6,online,east,plus,3065.92,60.7,5,226.85,45.37,0.16666666666666666,0.0,0.5,1.183853459972863,7.79553264604811,-0.9415581676212312,growing,digital
RID-000688,42.0,51446.9,35.6,62.2,4,501.61,416.9,0,0,2,3,online,west,plus,3468.08,62.2,4,501.61,125.4025,0.0,0.0,0.6666666666666666,1.203190213480451,14.090168539325843,-0.47034968140620403,growing,digital
RID-001659,37.0,70205.98,32.6,48.2,6,1151.79,717.2,0,0,3,6,online,west,premium,3378.93,48.2,6,1151.79,191.965,0.0,0.0,0.5,1.605953708867819,35.33098159509202,-0.20720510401295766,growing,digital
RID-000640,63.0,74787.45,14.9,77.3,7,1531.12,876.6,1,0,1,3,online,east,premium,4048.33,77.3,7,1531.12,218.73142857142855,0.3333333333333333,0.0,0.3333333333333333,1.746657540497376,102.75973154362416,-1.542118465896145,growing,digital
RID-001547,25.0,84706.31,58.2,35.6,5,620.27,509.58,0,0,5,7,online,east,plus,3957.02,35.6,5,620.27,124.054,0.0,0.0,0.7142857142857143,1.217218101181365,10.657560137457043,0.91772201344826,mature,digital
RID-001219,49.0,69843.96,23.9,40.3,7,1365.14,860.65,2,0,1,4,branch,north,enterprise,4240.97,40.3,7,1365.14,195.02,0.5,0.0,0.25,1.5861732411549412,57.118828451882855,-0.9453091357131291,growing,in_person
RID-001159,44.0,73647.41,34.3,75.1,7,598.69,349.26,0,0,4,7,partner,north,premium,2960.15,75.1,7,598.69,85.52714285714286,0.0,0.0,0.5714285714285714,1.7141670961461377,17.454518950437322,-0.20133717267615348,growing,assisted
RID-001416,30.0,73663.24,18.6,29.6,11,1488.08,1262.83,0,0,2,5,branch,south,plus,4247.35,29.6,11,1488.08,135.28,0.0,0.0,0.4,1.1783692183429282,80.00430107526881,1.6884065566042872,growing,in_person
RID-001495,33.0,89574.58,22.0,69.1,8,1545.05,1077.5,1,1,2,3,partner,east,enterprise,4726.28,69.1,8,1545.05,193.13125,0.3333333333333333,0.125,0.6666666666666666,1.433921113689095,70.22954545454546,0.0686511725685775,growing,assisted
RID-001301,31.0,75997.88,37.2,47.0,7,1164.59,641.98,1,2,2,3,agent,north,plus,3711.29,47.0,7,1164.59,166.36999999999998,0.3333333333333333,0.2857142857142857,0.6666666666666666,1.814059628025795,31.30618279569892,-0.7078583428124616,mature,assisted
RID-001641,56.0,74879.89,21.4,22.4,2,285.16,176.46,1,0,2,4,online,west,basic,3176.23,22.4,2,285.16,142.58,0.25,0.0,0.5,1.61600362688428,13.325233644859814,-1.0051131239477997,growing,digital
RID-000801,46.0,58950.38,45.8,5.8,9,2021.99,1779.44,1,0,4,6,online,east,enterprise,5064.64,5.8,9,2021.99,224.66555555555556,0.16666666666666666,0.0,0.6666666666666666,1.136306928022299,44.14825327510918,3.029239174492165,mature,digital
RID-000161,45.0,80581.03,21.2,41.8,8,954.49,480.44,1,0,1,3,branch,east,premium,4170.58,41.8,8,954.49,119.31125,0.3333333333333333,0.0,0.3333333333333333,1.9866996919490467,45.02311320754717,-0.15857546306016956,growing,in_person
RID-000957,42.0,77555.31,67.8,53.3,8,2087.94,1075.08,0,1,5,8,partner,west,premium,5354.81,53.3,8,2087.94,260.9925,0.0,0.125,0.625,1.942125237191651,30.79557522123894,0.2908465839246598,mature,assisted
RID-001187,35.0,60167.67,33.9,42.3,4,629.66,530.06,2,0,3,6,online,south,basic,2767.41,42.3,4,629.66,157.415,0.3333333333333333,0.0,0.5,1.1879032562351433,18.574041297935104,-0.8037386607018531,growing,digital
RID-000822,51.0,64616.1,25.9,4.4,3,661.63,382.79,0,1,1,4,branch,east,basic,3539.07,4.4,3,661.63,220.54333333333332,0.0,0.3333333333333333,0.25,1.7284411818490555,25.545559845559847,-3.5711299409998594,growing,in_person
RID-001519,33.0,98759.58,26.3,44.1,9,2076.2,1096.97,0,0,3,4,online,west,plus,5555.76,44.1,9,2076.2,230.68888888888887,0.0,0.0,0.75,1.8926679854508326,78.94296577946767,2.3957364999180184,growing,digital
RID-000878,45.0,55623.35,65.3,50.4,10,540.42,447.96,0,0,6,7,online,east,basic,3470.74,50.4,10,540.42,54.041999999999994,0.0,0.0,0.8571428571428571,1.2064023573533351,8.275957120980092,3.174855541244148,mature,digital
RID-000914,40.0,74855.92,26.6,32.1,9,943.08,687.89,1,0,2,5,online,east,premium,4244.48,32.1,9,943.08,104.78666666666668,0.2,0.0,0.4,1.3709750105394758,35.454135338345864,0.8547775438496222,growing,digital
RID-000153,42.0,68663.73,28.2,44.4,16,2182.21,1938.89,0,1,1,2,agent,east,basic,5610.41,44.4,16,2182.21,136.388125,0.0,0.0625,0.5,1.1254944839573158,77.38333333333334,3.3191908377810844,growing,assisted
RID-001653,40.0,95094.22,56.3,69.8,11,1786.69,1551.47,0,0,5,8,online,east,plus,5241.28,69.8,11,1786.69,162.42636363636365,0.0,0.0,0.625,1.151611052743527,31.73516873889876,1.762092642149005,mature,digital
RID-000510,34.0,91088.21,35.6,77.8,7,1112.0,901.37,2,0,3,4,online,west,plus,4923.8,77.8,7,1112.0,158.85714285714286,0.5,0.0,0.75,1.2336776240611513,31.235955056179773,0.6814672217762099,growing,digital
RID-001136,31.0,92616.0,7.9,32.3,9,1527.44,903.78,0,1,0,2,online,north,enterprise,3788.75,32.3,9,1527.44,169.71555555555557,0.0,0.1111111111111111,0.0,1.690057314833256,193.34683544303797,-2.0033887732045015,new,digital
RID-001251,54.0,92989.68,26.5,46.8,8,1515.29,964.84,1,0,1,4,branch,west,premium,4478.17,46.8,8,1515.29,189.41125,0.25,0.0,0.25,1.5705090999543965,57.18075471698113,-0.7472434132060004,growing,in_person
RID-001503,23.0,63954.73,43.1,21.2,5,687.1,478.42,1,0,3,5,online,west,plus,3657.82,21.2,5,687.1,137.42000000000002,0.2,0.0,0.6,1.4361857781865306,15.94199535962877,0.7104026318636796,mature,digital
RID-000104,44.0,68971.85,67.4,39.6,9,1938.52,1346.72,2,1,5,7,partner,south,enterprise,5113.32,39.6,9,1938.52,215.39111111111112,0.2857142857142857,0.1111111111111111,0.7142857142857143,1.4394380420577402,28.761424332344212,1.6266185779656888,mature,assisted
RID-001446,46.0,101926.21,24.6,21.6,7,1285.49,889.17,1,1,1,4,agent,east,enterprise,4516.82,21.6,7,1285.49,183.64142857142858,0.25,0.14285714285714285,0.25,1.4457190413531722,52.255691056910564,-1.3230574233092378,growing,assisted
RID-001444,39.0,98827.71,42.3,10.8,13,2643.16,2006.05,0,1,4,6,agent,south,plus,5645.15,10.8,13,2643.16,203.32,0.0,0.07692307692307693,0.6666666666666666,1.3175942773111338,62.486052009456266,3.9266272018493846,mature,assisted
RID-000587,52.0,82566.69,26.3,91.5,12,1834.89,1216.29,0,0,2,4,agent,north,premium,5301.32,91.5,12,1834.89,152.9075,0.0,0.0,0.5,1.508595811854081,69.76768060836503,0.8598189380437651,growing,assisted
RID-001593,35.0,46027.08,41.9,23.6,9,1214.91,880.43,0,0,3,4,online,north,plus,4015.07,23.6,9,1214.91,134.99,0.0,0.0,0.75,1.3799052735595108,28.995465393794753,2.974362315316622,mature,digital
RID-001144,40.0,43980.8,36.1,106.0,9,1289.78,950.47,2,0,3,4,online,south,plus,2625.39,106.0,9,1289.78,143.30888888888887,0.5,0.0,0.75,1.3569918040548359,35.727977839335175,0.6485687939095506,mature,digital
RID-000054,61.0,39180.45,44.1,39.9,6,837.88,583.66,3,0,5,7,partner,west,premium,3524.52,39.9,6,837.88,139.64666666666668,0.42857142857142855,0.0,0.7142857142857143,1.4355617996778947,18.99954648526077,1.177884164924995,mature,assisted
RID-000152,49.0,42308.1,31.4,141.5,11,1624.15,981.95,0,0,4,7,branch,south,plus,3670.11,141.5,11,1624.15,147.65,0.0,0.0,0.5714285714285714,1.6540047863944194,51.72452229299363,-0.5493905237258636,growing,in_person
RID-000404,35.0,41943.43,50.4,32.8,7,1823.28,920.28,0,1,4,6,partner,east,basic,3575.08,32.8,7,1823.28,260.4685714285714,0.0,0.14285714285714285,0.6666666666666666,1.981223106011214,36.17619047619048,0.5985138143745774,mature,assisted
RID-001745,34.0,67941.75,52.7,127.0,3,327.19,257.17,0,1,6,8,online,east,plus,3203.7,127.0,3,327.19,109.06333333333333,0.0,0.3333333333333333,0.75,1.272271260255862,6.2085388994307396,-4.3463563586530185,mature,digital
RID-000208,48.0,88043.54,12.4,19.4,9,1748.03,1312.38,0,1,1,2,online,south,premium,4871.12,19.4,9,1748.03,194.22555555555556,0.0,0.1111111111111111,0.5,1.331954159618403,140.97016129032258,1.0459603206794539,growing,digital
RID-001702,52.0,70835.56,42.3,60.1,6,371.4,218.15,0,0,3,6,agent,south,plus,3024.51,60.1,6,371.4,61.9,0.0,0.0,0.5,1.7024982809993123,8.78014184397163,-0.5430903334394643,mature,assisted
RID-001123,46.0,41027.41,46.6,40.0,9,1214.44,819.43,2,0,4,6,partner,east,enterprise,4328.17,40.0,9,1214.44,134.9377777777778,0.3333333333333333,0.0,0.6666666666666666,1.4820545989285236,26.060944206008585,2.063921960510104,mature,assisted
RID-001635,59.0,84612.45,48.4,49.8,13,1514.43,812.37,1,1,5,6,partner,east,plus,5308.08,49.8,13,1514.43,116.49461538461539,0.16666666666666666,0.07692307692307693,0.8333333333333334,1.864212120093061,31.289876033057855,3.7209062750907256,mature,assisted
RID-000009,42.0,88067.53,29.1,48.5,7,772.64,524.3,0,0,2,3,branch,east,premium,4320.43,48.5,7,772.64,110.37714285714286,0.0,0.0,0.6666666666666666,1.4736601182529088,26.55120274914089,1.0609390505656036,growing,in_person
RID-001015,50.0,89099.19,32.8,15.0,10,1931.63,1103.39,0,0,2,5,branch,west,basic,4773.05,15.0,10,1931.63,193.163,0.0,0.0,0.4,1.7506321427600395,58.89115853658537,1.7189685953034364,growing,in_person
RID-001617,33.0,80759.57,4.3,72.1,11,2216.53,1579.72,1,0,1,4,agent,east,plus,4492.8,72.1,11,2216.53,201.5027272727273,0.25,0.0,0.25,1.4031157420302334,515.4720930232559,-0.31675501296812225,new,assisted
RID-001061,22.0,54966.03,48.1,19.9,4,963.07,500.79,1,0,3,4,partner,south,plus,3773.97,19.9,4,963.07,240.7675,0.25,0.0,0.75,1.9231014996305837,20.022245322245322,1.1711349962697701,mature,assisted
RID-000453,53.0,91104.64,35.3,88.5,9,1445.32,1264.68,0,0,4,6,online,west,plus,5070.16,88.5,9,1445.32,160.5911111111111,0.0,0.0,0.6666666666666666,1.1428345510326723,40.94390934844193,0.6949779582256019,growing,digital
RID-000254,44.0,77858.16,36.7,75.7,5,793.47,569.43,0,0,3,4,online,west,plus,3694.37,75.7,5,793.47,158.69400000000002,0.0,0.0,0.75,1.3934460776566042,21.620435967302452,-0.02232380313291482,mature,digital
RID-001328,33.0,109320.86,32.9,64.6,6,1073.78,750.28,0,1,2,4,partner,north,basic,4184.03,64.6,6,1073.78,178.96333333333334,0.0,0.16666666666666666,0.5,1.4311723623180679,32.637689969604864,-1.7266016791425631,growing,assisted
RID-000897,28.0,81974.62,45.3,34.5,12,1322.42,859.98,0,2,2,3,online,north,plus,4837.38,34.5,12,1322.42,110.20166666666667,0.0,0.16666666666666666,0.6666666666666666,1.5377334356612944,29.192494481236206,2.3072644435117473,mature,digital
RID-001564,56.0,64043.68,23.3,40.5,5,984.76,610.52,0,1,2,3,online,south,plus,3957.09,40.5,5,984.76,196.952,0.0,0.2,0.6666666666666666,1.612985651575706,42.264377682403435,-0.7441157494797165,growing,digital
RID-000881,45.0,76595.56,38.2,49.0,9,682.03,342.93,1,0,3,5,branch,north,plus,3259.03,49.0,9,682.03,75.7811111111111,0.2,0.0,0.6,1.988831539964424,17.85418848167539,1.451859352735243,mature,in_person
RID-001697,40.0,57942.66,44.3,55.6,6,1037.48,905.98,0,2,3,5,agent,south,basic,3397.67,55.6,6,1037.48,172.91333333333333,0.0,0.3333333333333333,0.6,1.1451466919799553,23.41941309255079,-1.9920191131833707,mature,assisted
RID-000624,36.0,105713.37,47.0,40.3,7,946.65,705.72,0,0,6,7,branch,south,plus,5251.18,40.3,7,946.65,135.2357142857143,0.0,0.0,0.8571428571428571,1.3413960210848495,20.141489361702128,2.3153372681253535,mature,in_person
RID-000346,42.0,34127.13,17.1,45.9,5,1153.32,804.3,0,0,1,4,agent,east,enterprise,2803.67,45.9,5,1153.32,230.664,0.0,0.0,0.25,1.4339425587467363,67.44561403508771,-1.8664376620158754,growing,assisted
RID-001538,45.0,54530.49,34.4,89.9,7,1086.47,729.77,0,0,2,3,branch,north,premium,4427.36,89.9,7,1086.47,155.21,0.0,0.0,0.6666666666666666,1.4887841374679693,31.583430232558143,-0.10760284004426013,growing,in_person
RID-000263,47.0,102133.17,43.7,30.7,5,977.13,711.35,2,1,4,5,online,east,basic,5348.08,30.7,5,977.13,195.426,0.4,0.2,0.8,1.373627609474942,22.35995423340961,0.24855913991056433,mature,digital
RID-001322,35.0,53034.71,40.0,23.1,7,1037.4,685.02,1,0,3,5,online,north,plus,4263.59,23.1,7,1037.4,148.20000000000002,0.2,0.0,0.6,1.5144083384426734,25.935000000000002,1.419838786679132,mature,digital
RID-001439,51.0,77808.3,29.8,27.7,9,982.9,801.91,1,1,3,4,online,north,premium,4424.91,27.7,9,982.9,109.21111111111111,0.25,0.1111111111111111,0.75,1.225698644486289,32.98322147651007,2.1543065370297527,growing,digital
RID-000151,49.0,53122.02,26.3,40.8,3,267.64,148.91,1,1,2,3,online,east,basic,2426.77,40.8,3,267.64,89.21333333333332,0.3333333333333333,0.3333333333333333,0.6666666666666666,1.797327244644416,10.176425855513306,-2.360845071513353,growing,digital
RID-000473,46.0,111545.42,44.2,18.9,7,1026.08,599.04,0,0,3,5,online,north,plus,5035.64,18.9,7,1026.08,146.58285714285714,0.0,0.0,0.6,1.7128739316239316,23.214479638009045,1.5383865147120166,mature,digital
RID-000641,29.0,49864.55,23.2,27.0,5,727.39,575.73,1,0,2,5,agent,west,plus,3529.49,27.0,5,727.39,145.478,0.2,0.0,0.4,1.2634220902158997,31.353017241379312,-0.5274014213901514,growing,assisted
RID-001783,53.0,74590.27,50.4,74.3,9,1531.05,834.19,1,0,6,7,partner,north,basic,4877.6,74.3,9,1531.05,170.11666666666667,0.14285714285714285,0.0,0.8571428571428571,1.83537323631307,30.37797619047619,2.118730072975187,mature,assisted
RID-001694,48.0,98650.01,16.8,33.5,11,2787.26,2377.71,0,1,1,3,online,west,basic,5738.84,33.5,11,2787.26,253.38727272727274,0.0,0.09090909090909091,0.3333333333333333,1.1722455640090677,165.90833333333333,0.644024258089483,growing,digital
RID-000551,58.0,75599.58,39.3,9.0,1,92.32,55.83,1,0,3,4,online,south,basic,3164.81,9.0,1,92.32,92.32,0.25,0.0,0.75,1.6535912591796524,2.34910941475827,0.33419724277628693,mature,digital
RID-000929,35.0,65073.39,52.6,36.1,6,1085.23,933.53,0,0,5,6,online,north,premium,4276.85,36.1,6,1085.23,180.87166666666667,0.0,0.0,0.8333333333333334,1.1625014729039238,20.631749049429658,1.9244840652704165,mature,digital
RID-000489,43.0,65246.51,17.3,26.5,3,595.08,399.85,3,0,1,2,branch,south,basic,3571.04,26.5,3,595.08,198.36,1.5,0.0,0.5,1.4882580967862948,34.39768786127168,-0.739305842564737,growing,in_person
RID-001631,55.0,18000.0,26.9,76.5,3,682.84,432.23,1,1,3,4,branch,east,plus,1691.74,76.5,3,682.84,227.61333333333334,0.25,0.3333333333333333,0.75,1.5798070471739583,25.384386617100375,-2.920961057305238,growing,in_person
RID-001172,54.0,72489.25,43.1,56.9,6,1133.37,714.53,2,0,4,6,partner,south,basic,4173.88,56.9,6,1133.37,188.89499999999998,0.3333333333333333,0.0,0.6666666666666666,1.5861755279694343,26.296287703016237,0.4423111500370508,mature,assisted
RID-000147,25.0,102690.21,53.6,28.6,10,2279.74,1713.32,2,0,5,8,partner,north,premium,5496.82,28.6,10,2279.74,227.974,0.25,0.0,0.625,1.3305979034856301,42.53246268656716,2.5434569583897573,mature,assisted
RID-001732,39.0,51019.14,26.7,73.1,8,659.92,574.24,0,0,2,5,partner,south,plus,2872.98,73.1,8,659.92,82.49,0.0,0.0,0.4,1.1492059069378655,24.716104868913856,-0.6840065314103687,growing,assisted
RID-000403,43.0,82961.69,30.7,23.0,8,1511.5,853.1,0,0,2,5,online,north,enterprise,4445.67,23.0,8,1511.5,188.9375,0.0,0.0,0.4,1.7717735318251084,49.23452768729642,0.7300985101247557,growing,digital
RID-000955,47.0,58481.65,52.8,17.2,7,911.69,638.02,0,0,5,6,partner,west,enterprise,3831.12,17.2,7,911.69,130.24142857142857,0.0,0.0,0.8333333333333334,1.4289363969781512,17.266856060606063,2.839481285881181,mature,assisted
RID-001689,41.0,40728.58,42.9,16.9,7,1866.27,948.29,0,0,2,5,partner,west,basic,3993.2,16.9,7,1866.27,266.61,0.0,0.0,0.4,1.9680372038089615,43.502797202797204,0.5207425278049715,mature,assisted
RID-000660,31.0,75806.03,31.1,72.4,8,1528.57,1227.49,1,0,1,4,agent,east,plus,3819.44,72.4,8,1528.57,191.07125,0.25,0.0,0.25,1.2452810206193126,49.15016077170418,-1.4698200412159648,growing,assisted
RID-001373,35.0,71856.7,44.0,5.4,4,829.67,703.51,0,1,3,5,online,north,basic,3154.11,5.4,4,829.67,207.4175,0.0,0.25,0.6,1.1793293627666983,18.856136363636363,-0.809908434215288,mature,digital
RID-000464,48.0,88540.47,35.2,28.2,8,1088.76,569.07,3,0,3,4,online,north,premium,4644.77,28.2,8,1088.76,136.095,0.75,0.0,0.75,1.913226843797775,30.930681818181814,2.462991883008298,growing,digital
RID-001350,49.0,36261.17,10.1,31.7,4,114.24,88.11,0,0,1,3,online,north,plus,2561.54,31.7,4,114.24,28.56,0.0,0.0,0.3333333333333333,1.2965611167858357,11.31089108910891,-1.3996261806417474,new,digital
RID-000187,42.0,73836.51,52.5,36.2,1,196.62,142.79,1,2,4,7,branch,south,premium,2423.59,36.2,1,196.62,196.62,0.14285714285714285,2.0,0.5714285714285714,1.3769871839764691,3.745142857142857,-14.070505146400759,mature,in_person
RID-001148,50.0,85487.69,38.0,11.1,7,1075.85,726.69,0,0,4,5,branch,east,plus,4313.35,11.1,7,1075.85,153.69285714285712,0.0,0.0,0.8,1.4804799845876506,28.311842105263157,2.8326418670291265,mature,in_person
RID-001225,56.0,91975.88,45.2,61.6,5,693.45,455.77,0,0,4,6,agent,east,plus,3979.19,61.6,5,693.45,138.69,0.0,0.0,0.6666666666666666,1.5214911029686027,15.341814159292035,-0.07188184722443702,mature,assisted
RID-000609,43.0,65599.0,4.4,44.1,3,851.1,643.14,1,1,0,1,agent,east,plus,2154.54,44.1,3,851.1,283.7,1.0,0.3333333333333333,0.0,1.3233510588674318,193.43181818181816,-6.034307334868841,new,assisted
RID-000144,34.0,99825.74,24.9,128.8,9,1341.45,728.2,1,0,2,5,agent,north,basic,4807.97,128.8,9,1341.45,149.05,0.2,0.0,0.4,1.8421450151057401,53.87349397590362,-1.8746427658598899,growing,assisted
RID-000752,28.0,88215.55,35.0,111.4,7,1088.78,766.28,1,1,3,6,agent,south,basic,3992.72,111.4,7,1088.78,155.54,0.16666666666666666,0.14285714285714285,0.5,1.4208644359764055,31.108,-2.515101643787535,growing,assisted
RID-001535,51.0,66303.12,9.5,19.6,8,1357.97,1221.47,1,0,1,4,partner,south,premium,3827.51,19.6,8,1357.97,169.74625,0.25,0.0,0.25,1.1117505955938336,142.9442105263158,0.020494254054586047,new,assisted
RID-000982,44.0,102568.09,14.1,33.7,7,1063.29,550.59,1,2,2,3,agent,south,basic,3978.18,33.7,7,1063.29,151.89857142857142,0.3333333333333333,0.2857142857142857,0.6666666666666666,1.931182912875279,75.41063829787234,-0.33245720404166024,growing,assisted
RID-000198,35.0,61988.26,48.9,35.3,6,754.04,592.6,0,0,6,9,partner,north,plus,3244.64,35.3,6,754.04,125.67333333333333,0.0,0.0,0.6666666666666666,1.2724265946675666,15.4200408997955,1.0519851799204578,mature,assisted
RID-000884,45.0,52075.7,34.4,34.9,6,1171.97,766.14,0,0,2,3,agent,north,premium,3671.6,34.9,6,1171.97,195.32833333333335,0.0,0.0,0.6666666666666666,1.5297073641893126,34.06889534883721,1.0632754397331134,growing,assisted
RID-000280,37.0,70319.44,35.1,39.4,9,1478.44,818.02,0,0,3,4,online,west,enterprise,4550.79,39.4,9,1478.44,164.2711111111111,0.0,0.0,0.75,1.8073396738466054,42.12079772079772,2.5283970527167225,growing,digital
RID-000294,26.0,79095.43,48.8,74.3,10,1697.65,1399.53,1,1,3,5,agent,east,premium,4034.35,74.3,10,1697.65,169.76500000000001,0.2,0.1,0.6,1.2130143691096298,34.78790983606558,0.48538531036112087,mature,assisted
RID-001642,50.0,84664.5,24.3,33.4,6,582.81,297.61,0,1,3,5,agent,south,plus,4142.96,33.4,6,582.81,97.13499999999999,0.0,0.16666666666666666,0.6,1.9583011323544233,23.98395061728395,-0.30891377077025783,growing,assisted
RID-000401,56.0,18000.0,38.5,58.9,4,233.79,172.7,0,0,3,4,agent,south,premium,2606.3,58.9,4,233.79,58.4475,0.0,0.0,0.75,1.3537348002316156,6.072467532467532,0.07033466453584064,mature,assisted
RID-000123,39.0,73104.98,34.3,156.0,8,1842.12,1640.43,1,1,3,5,online,south,plus,4150.16,156.0,8,1842.12,230.265,0.2,0.125,0.6,1.1229494705656442,53.70612244897959,-2.7421895337209783,growing,digital
RID-001208,37.0,72297.23,48.4,39.3,7,1021.59,889.96,0,0,4,6,branch,east,plus,4307.88,39.3,7,1021.59,145.9414285714286,0.0,0.0,0.6666666666666666,1.1479055238437683,21.10723140495868,1.3206150262566845,mature,in_person
RID-000203,47.0,52316.09,42.9,25.9,5,489.6,249.7,0,1,4,5,partner,west,basic,3437.07,25.9,5,489.6,97.92,0.0,0.2,0.8,1.9607529034841813,11.412587412587413,0.3840422576624324,mature,assisted
RID-001463,44.0,80431.99,15.2,15.6,5,476.03,413.85,0,1,3,5,agent,east,plus,4280.72,15.6,5,476.03,95.20599999999999,0.0,0.2,0.6,1.15024767427812,31.317763157894735,-0.3993288381320079,growing,assisted
RID-000836,24.0,70300.79,35.6,59.5,5,882.35,573.07,0,0,3,6,agent,north,plus,3005.78,59.5,5,882.35,176.47,0.0,0.0,0.5,1.5396897412183501,24.78511235955056,-0.9076873881832641,growing,assisted
RID-000247,33.0,67372.03,35.7,35.7,3,611.69,493.23,1,1,4,6,online,south,enterprise,3317.46,35.7,3,611.69,203.89666666666668,0.16666666666666666,0.3333333333333333,0.6666666666666666,1.2401719279038177,17.13417366946779,-2.216894258901993,growing,digital
RID-001440,22.0,86712.31,16.1,11.1,4,992.81,582.93,0,1,2,4,online,north,premium,4351.48,11.1,4,992.81,248.2025,0.0,0.25,0.5,1.703137597996329,61.66521739130434,-1.5078422795307933,growing,digital
RID-001708,50.0,44089.23,50.5,126.0,6,944.26,685.0,0,0,3,5,agent,east,plus,2977.57,126.0,6,944.26,157.37666666666667,0.0,0.0,0.6,1.3784817518248176,18.69821782178218,-1.8661129945893271,mature,assisted
RID-001692,31.0,64175.22,30.2,33.6,7,1743.84,1408.67,1,1,1,3,partner,east,plus,3455.33,33.6,7,1743.84,249.11999999999998,0.3333333333333333,0.14285714285714285,0.3333333333333333,1.237933653730114,57.743046357615896,-1.2142255152012735,growing,assisted
RID-001154,57.0,86670.61,22.7,60.3,11,2366.63,1730.71,1,0,1,3,online,north,basic,5619.0,60.3,11,2366.63,215.14818181818183,0.3333333333333333,0.0,0.3333333333333333,1.3674330188188664,104.2568281938326,0.46384735399285526,growing,digital
RID-001427,39.0,59478.24,69.1,17.3,6,899.64,601.37,1,2,6,8,partner,south,premium,4339.12,17.3,6,899.64,149.94,0.125,0.3333333333333333,0.75,1.495984169479688,13.019392185238786,-0.10540527164384561,mature,assisted
RID-000385,63.0,98361.41,51.6,35.7,5,743.62,546.1,1,0,4,7,branch,east,enterprise,4032.26,35.7,5,743.62,148.724,0.14285714285714285,0.0,0.5714285714285714,1.3616919978026003,14.411240310077519,0.14768852994486442,mature,in_person
RID-001584,38.0,82768.99,29.1,36.7,6,1039.0,878.05,1,1,2,5,agent,east,premium,3521.2,36.7,6,1039.0,173.16666666666666,0.2,0.16666666666666666,0.4,1.1833039120778999,35.70446735395189,-1.476153700194991,growing,assisted
RID-000855,24.0,71259.31,56.3,35.4,3,698.47,607.88,1,1,4,7,online,east,premium,3090.58,35.4,3,698.47,232.82333333333335,0.14285714285714285,0.3333333333333333,0.5714285714285714,1.1490261235770218,12.406216696269983,-2.719900509742655,mature,digital
RID-000220,54.0,62370.09,14.8,23.1,7,1119.22,788.49,1,0,3,5,branch,west,enterprise,3728.22,23.1,7,1119.22,159.88857142857142,0.2,0.0,0.6,1.4194472979999746,75.62297297297297,1.419838786679132,growing,in_person
RID-000642,60.0,76429.86,40.7,27.3,7,941.72,561.17,0,1,3,4,partner,south,basic,4710.77,27.3,7,941.72,134.53142857142856,0.0,0.14285714285714285,0.75,1.678136750004455,23.13808353808354,1.2012945892862281,mature,assisted
RID-000002,44.0,39432.85,40.2,10.9,11,2000.83,1220.82,0,0,3,5,online,north,enterprise,4466.87,10.9,11,2000.83,181.89363636363635,0.0,0.0,0.6,1.6389230189544732,49.77189054726367,3.290321488816264,mature,digital
RID-000113,40.0,107113.86,21.5,18.5,8,1553.2,867.39,1,0,1,4,branch,east,plus,5164.26,18.5,8,1553.2,194.15,0.25,0.0,0.25,1.7906593343248136,72.24186046511628,0.05154246853938926,growing,in_person
RID-000699,58.0,113858.83,46.0,52.8,5,708.33,606.45,2,0,5,6,online,south,plus,4858.5,52.8,5,708.33,141.666,0.3333333333333333,0.0,0.8333333333333334,1.1679940638139994,15.398478260869567,1.0715832736292583,mature,digital
RID-001719,38.0,104855.03,32.0,7.0,6,698.86,508.95,1,0,3,5,branch,west,premium,4962.29,7.0,6,698.86,116.47666666666667,0.2,0.0,0.6,1.3731407800373319,21.839375,1.49273929967574,growing,in_person
RID-000952,48.0,53576.69,51.6,58.5,12,2307.0,1286.55,1,1,4,5,agent,north,plus,5738.13,58.5,12,2307.0,192.25,0.2,0.08333333333333333,0.8,1.7931677742800514,44.7093023255814,2.8741603401379843,mature,assisted
RID-001577,23.0,95636.75,45.2,116.6,7,1857.99,1428.35,1,0,3,6,agent,south,plus,4688.24,116.6,7,1857.99,265.4271428571429,0.16666666666666666,0.0,0.5,1.300794623166591,41.10597345132743,-1.7563070875142963,mature,assisted
RID-001411,27.0,94942.57,35.4,124.6,8,1879.13,1313.65,0,0,1,4,agent,south,basic,4358.84,124.6,8,1879.13,234.89125,0.0,0.0,0.25,1.4304647356601834,53.08276836158193,-2.9431989467675317,growing,assisted
RID-001410,51.0,61487.1,54.2,10.3,6,623.76,470.39,1,0,6,8,agent,north,plus,4069.78,10.3,6,623.76,103.96,0.125,0.0,0.75,1.3260485979718957,11.508487084870849,2.2051661206990736,mature,assisted
RID-001534,60.0,42253.43,77.8,129.9,10,1695.81,933.12,0,0,6,8,branch,north,premium,4422.33,129.9,10,1695.81,169.581,0.0,0.0,0.75,1.8173546810699588,21.797043701799485,0.3555082145661568,loyal,in_person
RID-001292,38.0,52606.29,15.9,88.7,10,2286.95,1660.66,0,2,1,2,agent,north,premium,4248.71,88.7,10,2286.95,228.695,0.0,0.2,0.5,1.3771331880095863,143.83333333333331,-1.092009239566079,growing,assisted
RID-001628,43.0,72238.27,37.9,36.4,6,1146.15,842.98,2,0,4,6,branch,east,basic,4233.39,36.4,6,1146.15,191.025,0.3333333333333333,0.0,0.6666666666666666,1.359640798120952,30.24142480211082,1.0209369654356548,mature,in_person
RID-000442,39.0,70756.5,22.3,16.1,5,540.51,349.4,1,0,2,3,agent,west,plus,4041.54,16.1,5,540.51,108.102,0.3333333333333333,0.0,0.6666666666666666,1.5469662278191185,24.23811659192825,1.2123852064651472,growing,assisted
RID-001521,44.0,45790.18,34.0,33.9,10,1924.54,1110.0,1,1,4,7,branch,west,plus,4681.34,33.9,10,1924.54,192.454,0.14285714285714285,0.1,0.5714285714285714,1.7338198198198198,56.60411764705882,1.472259367729299,growing,in_person
RID-001137,45.0,75485.61,35.4,81.5,8,1381.39,903.06,1,1,2,5,branch,west,plus,3799.12,81.5,8,1381.39,172.67375,0.2,0.125,0.4,1.5296768763980246,39.0223163841808,-1.7134739295841803,growing,in_person
RID-001257,45.0,85023.78,20.1,34.7,5,989.69,580.32,0,0,2,3,agent,west,premium,4219.95,34.7,5,989.69,197.93800000000002,0.0,0.0,0.6666666666666666,1.7054211469534049,49.23830845771144,0.6873881251766578,growing,assisted
RID-001677,51.0,74326.39,57.3,130.4,6,707.61,598.06,0,1,4,6,online,north,basic,3424.33,130.4,6,707.61,117.935,0.0,0.16666666666666666,0.6666666666666666,1.1831756011102565,12.349214659685865,-2.688770013349154,mature,digital
RID-001398,39.0,86453.05,58.3,7.1,6,798.02,614.65,0,0,5,7,partner,north,premium,3761.58,7.1,6,798.02,133.00333333333333,0.0,0.0,0.7142857142857143,1.2983323842837386,13.688164665523157,2.103685469562761,mature,assisted
RID-000664,29.0,73792.33,53.0,52.7,10,1830.98,1315.29,1,0,6,9,partner,south,plus,4625.21,52.7,10,1830.98,183.098,0.1111111111111111,0.0,0.6666666666666666,1.3920732309984871,34.54679245283019,2.0869886559210693,mature,assisted
RID-001652,49.0,60846.11,39.0,62.9,5,895.48,477.65,1,0,3,6,online,south,plus,2902.66,62.9,5,895.48,179.096,0.16666666666666666,0.0,0.5,1.8747618549146867,22.961025641025643,-1.0036545965908374,mature,digital
RID-001258,58.0,103251.44,64.4,31.3,7,1271.41,855.43,4,1,6,8,online,south,enterprise,5536.87,31.3,7,1271.41,181.63000000000002,0.5,0.14285714285714285,0.75,1.4862817530364847,19.742391304347827,1.0883919911596711,mature,digital
RID-001611,50.0,77691.66,28.6,128.0,8,1046.31,531.58,1,0,3,4,online,north,basic,4140.21,128.0,8,1046.31,130.78875,0.25,0.0,0.75,1.9683020429662512,36.58426573426573,-0.3539279402492954,growing,digital
RID-000318,33.0,118606.93,32.7,58.3,7,1264.67,973.18,0,1,2,4,agent,east,basic,4797.33,58.3,7,1264.67,180.66714285714286,0.0,0.14285714285714285,0.5,1.299523212560883,38.67492354740061,-1.0163196536574923,growing,assisted
RID-000649,40.0,76306.47,50.4,39.9,12,1230.06,671.31,0,0,5,8,partner,east,plus,4392.87,39.9,12,1230.06,102.505,0.0,0.0,0.625,1.832327836617956,24.40595238095238,2.987572007607801,mature,assisted
RID-001435,46.0,79724.54,44.5,27.5,6,1444.8,1267.3,0,0,4,6,agent,west,premium,4714.44,27.5,6,1444.8,240.79999999999998,0.0,0.0,0.6666666666666666,1.1400615481732819,32.46741573033708,1.2721452462672436,mature,assisted
RID-001480,47.0,83085.36,28.8,95.2,3,635.06,440.0,0,0,2,4,branch,south,premium,2779.71,95.2,3,635.06,211.68666666666664,0.0,0.0,0.5,1.4433181818181817,22.050694444444442,-2.6784079653883515,growing,in_person
RID-000710,38.0,52381.18,45.6,119.9,7,288.32,154.87,1,1,5,8,agent,north,basic,3045.46,119.9,7,288.32,41.18857142857143,0.125,0.14285714285714285,0.625,1.8616904500548845,6.322807017543859,-2.083710111075016,mature,assisted
RID-001383,39.0,54140.57,72.6,98.0,6,640.03,524.45,0,1,5,7,online,west,enterprise,3340.92,98.0,6,640.03,106.67166666666667,0.0,0.16666666666666666,0.7142857142857143,1.220383258651921,8.815840220385676,-1.5185219956739662,loyal,digital
RID-001283,47.0,112118.7,43.1,83.5,5,810.54,701.58,0,1,4,6,branch,west,enterprise,4776.73,83.5,5,810.54,162.108,0.0,0.2,0.6666666666666666,1.1553065936885314,18.806032482598606,-1.9578186793402028,mature,in_person
RID-000973,41.0,80863.36,4.4,55.7,5,1400.12,1055.82,2,0,1,4,online,south,enterprise,3568.86,55.7,5,1400.12,280.024,0.5,0.0,0.25,1.3260972514254323,318.20909090909083,-2.1430490274259397,new,digital
RID-000628,23.0,81526.6,63.4,63.6,12,1658.45,870.46,1,0,6,8,branch,north,enterprise,5566.68,63.6,12,1658.45,138.20416666666668,0.125,0.0,0.75,1.9052569905567172,26.15851735015773,2.989933667439404,mature,in_person
RID-000633,54.0,73406.46,35.6,18.4,6,1266.28,690.83,1,1,3,4,branch,west,basic,4263.92,18.4,6,1266.28,211.04666666666665,0.25,0.16666666666666666,0.75,1.832983512586309,35.56966292134831,0.9200424366820732,growing,in_person
RID-001307,25.0,38137.43,39.6,61.3,3,558.6,497.99,1,1,3,6,online,north,plus,3299.57,61.3,3,558.6,186.20000000000002,0.16666666666666666,0.3333333333333333,0.5,1.1217092712705075,14.106060606060606,-3.8345502918872265,mature,digital
RID-001401,37.0,34173.66,19.2,31.3,9,965.25,800.2,0,0,0,1,agent,east,plus,3251.26,31.3,9,965.25,107.25,0.0,0.0,0.0,1.2062609347663082,50.2734375,-1.270832508465714,growing,assisted
RID-001409,36.0,45942.51,63.0,43.4,6,986.04,855.96,2,0,6,7,agent,east,enterprise,2889.8,43.4,6,986.04,164.34,0.2857142857142857,0.0,0.8571428571428571,1.1519697182111313,15.651428571428571,1.8463053101144884,mature,assisted
RID-001249,34.0,71485.1,40.8,70.4,4,395.75,294.28,0,0,4,6,online,north,basic,2497.24,70.4,4,395.75,98.9375,0.0,0.0,0.6666666666666666,1.3448076661682753,9.699754901960786,-0.7018000075656459,mature,digital
RID-001754,44.0,65046.51,33.6,30.2,7,999.66,532.87,1,1,3,6,online,north,enterprise,3081.01,30.2,7,999.66,142.8085714285714,0.16666666666666666,0.14285714285714285,0.5,1.8759922682830708,29.751785714285713,-0.22317890181843036,growing,digital
RID-001255,31.0,48074.28,52.7,49.9,4,718.28,600.47,1,2,4,7,online,east,premium,3264.74,49.9,4,718.28,179.57,0.14285714285714285,0.5,0.5714285714285714,1.1961963128882374,13.629601518026565,-3.804135906299363,mature,digital
RID-001497,42.0,93287.61,30.0,37.6,8,1570.18,1301.49,1,1,3,6,branch,east,basic,4794.05,37.6,8,1570.18,196.2725,0.16666666666666666,0.125,0.5,1.2064479942220072,52.339333333333336,0.06267972783994308,growing,in_person
RID-001372,24.0,73160.15,44.7,21.8,10,1573.63,1243.97,1,0,4,6,partner,west,basic,5357.37,21.8,10,1573.63,157.363,0.16666666666666666,0.0,0.6666666666666666,1.265006390829361,35.20425055928412,2.959161226448721,mature,assisted
RID-001530,50.0,129589.69,43.9,12.7,8,1452.83,902.2,1,1,4,5,online,north,premium,5497.53,12.7,8,1452.83,181.60375,0.2,0.125,0.8,1.6103192196852139,33.09407744874715,2.3766413301332454,mature,digital
RID-001355,48.0,68201.08,64.1,16.1,7,1114.22,927.44,0,0,5,7,online,east,plus,4459.19,16.1,7,1114.22,159.17428571428573,0.0,0.0,0.7142857142857143,1.2013930820322607,17.382527301092047,2.2311870682407915,mature,digital
RID-001729,35.0,100574.32,37.3,34.6,9,2140.86,1098.0,0,1,2,3,agent,east,basic,5038.48,34.6,9,2140.86,237.87333333333333,0.0,0.1111111111111111,0.6666666666666666,1.9497814207650275,57.39571045576408,1.5120098527738073,mature,assisted
RID-001707,38.0,54057.04,40.8,43.2,3,490.02,333.07,1,1,4,7,online,east,plus,3131.57,43.2,3,490.02,163.34,0.14285714285714285,0.3333333333333333,0.5714285714285714,1.471222265589816,12.010294117647058,-2.940060576089441,mature,digital
RID-001664,38.0,72284.1,32.4,65.9,7,1103.29,652.41,3,0,3,5,branch,west,premium,3214.14,65.9,7,1103.29,157.61285714285714,0.6,0.0,0.6,1.6910991554390644,34.05216049382716,0.21178098672497325,growing,in_person
RID-000796,43.0,72729.84,23.1,49.2,11,1025.31,550.45,0,0,3,6,online,east,plus,4396.82,49.2,11,1025.31,93.21,0.0,0.0,0.5,1.862675992369879,44.38571428571428,1.6722314687693203,growing,digital
RID-000646,48.0,101215.16,42.9,42.3,9,2046.1,1814.46,2,2,3,5,online,south,basic,5691.56,42.3,9,2046.1,227.34444444444443,0.4,0.2222222222222222,0.6,1.127663326830021,47.69463869463869,0.23230997418292954,mature,digital
RID-001013,41.0,84458.31,32.0,64.9,3,614.3,520.42,1,0,2,3,online,east,basic,4352.24,64.9,3,614.3,204.76666666666665,0.3333333333333333,0.0,0.6666666666666666,1.1803927596940933,19.196875,-0.9280913796044135,growing,digital
RID-001655,29.0,81687.62,44.5,12.4,14,2734.41,2066.52,1,1,3,4,online,north,basic,6460.11,12.4,14,2734.41,195.315,0.25,0.07142857142857142,0.75,1.3231955171012135,61.44741573033708,4.745367845466018,mature,digital
RID-000557,36.0,61720.92,42.4,17.2,9,786.91,620.53,1,3,3,6,branch,east,basic,3486.18,17.2,9,786.91,87.43444444444444,0.16666666666666666,0.3333333333333333,0.5,1.2681256345382173,18.559198113207547,-0.3006044807652364,mature,in_person
RID-000682,43.0,50127.34,31.3,19.3,8,821.96,716.79,0,2,2,3,agent,east,basic,3893.25,19.3,8,821.96,102.745,0.0,0.25,0.6666666666666666,1.1467235871036148,26.26070287539936,0.6819165771361686,growing,assisted
RID-000578,36.0,110589.49,27.1,6.4,5,1213.89,896.62,0,0,2,4,agent,east,plus,4927.05,6.4,5,1213.89,242.77800000000002,0.0,0.0,0.5,1.353851129798577,44.7929889298893,0.5910946019467782,growing,assisted
RID-001110,29.0,47499.95,30.4,55.0,8,989.22,776.05,2,0,2,4,online,north,basic,3593.71,55.0,8,989.22,123.6525,0.5,0.0,0.5,1.2746859094130534,32.540131578947374,0.36392536809746256,growing,digital
RID-001267,47.0,75879.61,38.5,19.1,7,582.97,516.47,1,0,2,3,partner,south,basic,3982.12,19.1,7,582.97,83.28142857142858,0.3333333333333333,0.0,0.6666666666666666,1.1287586887912173,15.142077922077922,1.8907731467957967,mature,assisted
RID-001184,32.0,73044.76,35.9,92.5,8,851.39,433.18,2,0,4,6,partner,south,plus,3871.73,92.5,8,851.39,106.42375,0.3333333333333333,0.0,0.6666666666666666,1.9654416178032226,23.715598885793874,0.20054291563626148,growing,assisted
RID-000525,65.0,78696.58,44.5,27.2,8,1095.39,644.42,0,0,5,6,online,east,basic,4438.53,27.2,8,1095.39,136.92375,0.0,0.0,0.8333333333333334,1.6998075789081657,24.61550561797753,2.9387572350275724,mature,digital
RID-001060,41.0,36164.95,48.4,30.3,10,60.0,45.33,1,0,2,4,online,west,basic,2653.36,30.3,10,60.0,6.0,0.25,0.0,0.5,1.3236267372600927,1.2396694214876034,1.8241638004545182,mature,digital
RID-000541,46.0,95838.88,37.3,71.1,11,941.16,565.43,2,0,3,4,agent,south,plus,4665.08,71.1,11,941.16,85.56,0.5,0.0,0.75,1.6645031215181367,25.23217158176944,2.3967088514893264,mature,assisted
RID-001195,32.0,89888.46,52.4,74.6,9,1457.21,1030.9,1,0,4,6,branch,east,premium,4331.87,74.6,9,1457.21,161.91222222222223,0.16666666666666666,0.0,0.6666666666666666,1.4135318653603646,27.809351145038168,1.0873144867153872,mature,in_person
RID-000749,40.0,76823.65,26.5,96.8,6,113.62,79.19,1,0,3,5,online,east,plus,3022.48,96.8,6,113.62,18.936666666666667,0.2,0.0,0.6,1.4347771183230207,4.287547169811321,-1.0419240282654618,growing,digital
RID-001667,33.0,93049.0,18.2,71.7,9,1800.16,923.76,2,1,2,5,online,north,plus,5075.03,71.7,9,1800.16,200.01777777777778,0.4,0.1111111111111111,0.4,1.9487312721919114,98.90989010989011,-0.967288792810439,growing,digital
RID-001431,54.0,73503.28,31.3,18.2,12,3252.06,1952.19,1,0,1,3,agent,east,plus,5616.77,18.2,12,3252.06,271.005,0.3333333333333333,0.0,0.3333333333333333,1.6658521967636346,103.8996805111821,2.0336796437376496,growing,assisted
RID-000485,43.0,44203.08,62.7,29.8,7,1110.44,927.43,0,0,5,6,partner,north,plus,3795.09,29.8,7,1110.44,158.6342857142857,0.0,0.0,0.8333333333333334,1.1973302567309663,17.7103668261563,2.483838101782527,mature,assisted
RID-000096,50.0,49185.49,44.2,135.5,11,1832.51,1204.62,1,0,3,5,online,north,plus,4087.2,135.5,11,1832.51,166.59181818181818,0.2,0.0,0.6,1.521234912254487,41.459502262443436,-0.22659444282598207,mature,digital
RID-001021,40.0,55668.03,39.8,32.0,7,1650.55,913.91,0,0,4,7,partner,north,basic,4198.91,32.0,7,1650.55,235.79285714285714,0.0,0.0,0.5714285714285714,1.8060312284579445,41.471105527638194,1.0151883221374964,mature,assisted
RID-000564,30.0,93272.04,42.0,25.3,7,1543.95,1314.06,2,0,2,4,agent,west,plus,4973.8,25.3,7,1543.95,220.56428571428572,0.5,0.0,0.5,1.174946349481759,36.760714285714286,0.820694714724364,mature,assisted
RID-001265,33.0,105380.17,29.2,124.5,4,517.46,391.26,2,2,3,6,partner,west,basic,3588.6,124.5,4,517.46,129.365,0.3333333333333333,0.5,0.5,1.322547666513316,17.72123287671233,-6.293374820634764,growing,assisted
RID-000743,57.0,116380.8,12.4,117.5,3,218.34,135.07,0,0,1,3,partner,south,basic,4311.38,117.5,3,218.34,72.78,0.0,0.0,0.3333333333333333,1.6164951506626195,17.608064516129033,-4.2029193549191755,growing,assisted
RID-000864,41.0,90953.47,29.0,144.1,8,1700.8,1486.1,1,0,3,5,online,east,premium,5153.12,144.1,8,1700.8,212.6,0.2,0.0,0.6,1.144472108202678,58.648275862068964,-1.6139323621864299,growing,digital
RID-001599,50.0,72984.37,31.9,92.2,4,724.19,589.31,0,0,3,6,agent,west,enterprise,2890.5,92.2,4,724.19,181.0475,0.0,0.0,0.5,1.2288778401859803,22.701880877742948,-2.2121985723306503,growing,assisted
RID-001485,35.0,78610.33,23.3,50.7,7,1350.6,1205.59,1,0,2,4,partner,east,enterprise,4353.39,50.7,7,1350.6,192.94285714285712,0.25,0.0,0.5,1.1202813560165563,57.9656652360515,0.10376321662072768,growing,assisted
RID-000892,37.0,68934.56,20.0,61.6,5,1100.86,728.98,0,0,2,5,agent,east,basic,2954.07,61.6,5,1100.86,220.17199999999997,0.0,0.0,0.4,1.5101374523306537,55.04299999999999,-1.5040088951848685,growing,assisted
RID-001578,47.0,89321.03,34.0,26.7,9,1263.41,1013.72,1,0,2,5,partner,south,premium,4502.29,26.7,9,1263.41,140.3788888888889,0.2,0.0,0.4,1.246310618316695,37.15911764705883,1.007196051320474,growing,assisted
RID-001039,48.0,101150.05,44.2,108.9,8,1004.02,753.43,1,1,4,5,agent,north,enterprise,4651.5,108.9,8,1004.02,125.5025,0.2,0.125,0.8,1.3325989142986077,22.715384615384615,-0.33866615481044715,mature,assisted
RID-000207,33.0,88198.04,20.0,62.1,9,1439.64,766.12,2,0,1,4,agent,south,premium,4507.07,62.1,9,1439.64,159.96,0.5,0.0,0.25,1.8791312065994885,71.982,-0.7975634065772972,growing,assisted
RID-000393,58.0,75303.15,17.8,53.3,8,1358.65,842.1,1,0,2,4,online,east,plus,4067.51,53.3,8,1358.65,169.83125,0.25,0.0,0.5,1.6134069587934925,76.32865168539325,0.41190897230124934,growing,digital
RID-000795,32.0,71944.43,25.4,25.2,6,723.07,592.68,0,0,2,5,agent,south,plus,3133.75,25.2,6,723.07,120.51166666666667,0.0,0.0,0.4,1.2200006749004524,28.467322834645675,-0.09506280777041742,growing,assisted
RID-000871,59.0,70101.86,36.2,89.9,5,1083.49,932.3,2,2,3,4,online,west,enterprise,3852.71,89.9,5,1083.49,216.698,0.5,0.4,0.75,1.1621688297758233,29.930662983425414,-2.958718241227926,mature,digital
RID-000398,47.0,48533.48,50.0,126.3,5,513.99,400.21,2,0,5,8,online,east,plus,2951.97,126.3,5,513.99,102.798,0.25,0.0,0.625,1.284300742110392,10.2798,-2.1218512231653115,mature,digital
RID-000767,60.0,53441.83,39.8,43.1,7,799.97,567.34,0,0,2,4,branch,west,basic,4093.44,43.1,7,799.97,114.28142857142858,0.0,0.0,0.5,1.4100363097965947,20.099748743718596,0.3182781530611858,mature,in_person
RID-001657,39.0,82870.97,34.2,21.8,4,565.98,283.93,0,1,3,4,branch,east,basic,3385.57,21.8,4,565.98,141.495,0.0,0.25,0.75,1.9933786496671715,16.549122807017543,-0.46723762205642816,growing,in_person
RID-001242,57.0,81383.85,31.0,43.8,8,1073.3,912.5,0,0,3,4,agent,south,premium,4370.28,43.8,8,1073.3,134.1625,0.0,0.0,0.75,1.1762191780821918,34.622580645161285,2.0226717503147267,growing,assisted
RID-001029,50.0,79354.05,45.1,19.1,11,1355.81,725.51,0,1,3,4,agent,south,enterprise,4536.51,19.1,11,1355.81,123.25545454545454,0.0,0.09090909090909091,0.75,1.8687681768686855,30.062305986696227,3.288172123783262,mature,assisted
RID-000643,41.0,109462.7,26.8,20.2,7,1009.89,669.63,0,1,1,2,agent,south,plus,4454.22,20.2,7,1009.89,144.27,0.0,0.14285714285714285,0.5,1.5081313561220375,37.68246268656716,0.05907759349796171,growing,assisted
RID-001699,40.0,69433.45,22.1,49.7,7,1465.54,1128.43,1,0,2,4,agent,west,basic,4360.98,49.7,7,1465.54,209.36285714285714,0.25,0.0,0.5,1.2987425006424855,66.31402714932126,0.13198886615236693,growing,assisted
RID-000613,43.0,79456.7,27.6,35.6,3,788.85,569.59,0,0,2,3,agent,east,plus,4429.19,35.6,3,788.85,262.95,0.0,0.0,0.6666666666666666,1.3849435558910794,28.581521739130434,-0.10107984832738437,growing,assisted
RID-000961,44.0,103249.32,62.0,116.3,9,1115.09,784.42,0,0,6,7,branch,east,basic,5425.94,116.3,9,1115.09,123.89888888888888,0.0,0.0,0.8571428571428571,1.4215471303638356,17.98532258064516,0.9332527926463399,mature,in_person
RID-001571,45.0,92955.83,27.7,18.5,6,1104.49,694.63,0,2,4,6,branch,north,basic,3853.03,18.5,6,1104.49,184.08166666666668,0.0,0.3333333333333333,0.6666666666666666,1.5900407411139743,39.873285198555955,-0.586815753569448,growing,in_person
RID-000726,42.0,48299.82,51.6,8.2,6,477.79,288.14,0,0,4,5,agent,east,basic,3986.52,8.2,6,477.79,79.63166666666667,0.0,0.0,0.8,1.6581869924342334,9.259496124031008,2.5329638062080972,mature,assisted
RID-000684,59.0,109193.83,23.5,46.7,5,695.7,378.21,1,0,2,5,online,west,plus,4034.85,46.7,5,695.7,139.14000000000001,0.2,0.0,0.4,1.8394542714365036,29.604255319148937,-1.083446717163444,growing,digital
RID-000099,60.0,91061.0,12.4,49.9,5,1360.43,876.04,2,0,1,3,agent,north,plus,4633.49,49.9,5,1360.43,272.086,0.6666666666666666,0.0,0.3333333333333333,1.552931372996667,109.71209677419355,-1.5318005576547975,growing,assisted
RID-000805,49.0,104454.24,44.8,51.7,6,1229.01,1033.83,2,0,4,5,online,west,plus,4658.09,51.7,6,1229.01,204.835,0.4,0.0,0.8,1.188793128464061,27.43325892857143,1.305148051581791,mature,digital
RID-001598,58.0,81933.62,33.5,88.6,11,1843.12,1108.68,1,0,1,4,partner,west,basic,3921.19,88.6,11,1843.12,167.5563636363636,0.25,0.0,0.25,1.6624454306021574,55.018507462686564,-0.7824782302401694,growing,assisted
RID-000407,53.0,78296.6,23.0,67.9,8,573.54,313.36,0,0,1,3,branch,east,premium,3321.53,67.9,8,573.54,71.6925,0.0,0.0,0.3333333333333333,1.8302910390605054,24.936521739130434,-0.8952649158359534,growing,in_person
RID-000503,49.0,71698.12,22.3,36.3,5,974.58,771.34,0,0,3,6,branch,east,plus,3248.81,36.3,5,974.58,194.916,0.0,0.0,0.5,1.2634895117587575,43.70313901345291,-0.2528523190492342,growing,in_person
RID-001072,32.0,66087.43,19.9,46.8,11,2963.97,2385.03,0,0,2,4,online,west,plus,5294.77,46.8,11,2963.97,269.45181818181817,0.0,0.0,0.5,1.2427390850429552,148.943216080402,1.7399730276452547,growing,digital
RID-001057,33.0,58128.67,50.1,30.9,6,891.72,636.44,1,1,5,7,agent,east,plus,3870.83,30.9,6,891.72,148.62,0.14285714285714285,0.16666666666666666,0.7142857142857143,1.4011061529759286,17.79880239520958,0.37541908789902534,mature,assisted
RID-000930,32.0,89006.05,16.6,29.4,6,1062.73,804.59,0,0,2,5,agent,west,basic,3961.59,29.4,6,1062.73,177.12166666666667,0.0,0.0,0.4,1.3208342136989024,64.01987951807229,-0.21361053580330214,growing,assisted
RID-000780,36.0,82531.75,14.0,70.1,7,1864.8,1084.76,2,0,1,3,agent,south,basic,4023.36,70.1,7,1864.8,266.4,0.6666666666666666,0.0,0.3333333333333333,1.7190899369445776,133.2,-1.3388937892683428,growing,assisted
RID-000201,32.0,55606.52,18.5,46.9,5,691.37,393.55,3,1,1,4,agent,west,basic,2935.95,46.9,5,691.37,138.274,0.75,0.2,0.25,1.7567526362596875,37.37135135135135,-3.1624584189203815,growing,assisted
RID-000135,48.0,92166.06,53.5,45.0,7,1717.82,1322.47,0,0,5,6,online,south,premium,4540.46,45.0,7,1717.82,245.40285714285713,0.0,0.0,0.8333333333333334,1.298948180298986,32.10878504672897,2.054808228901611,mature,digital
RID-001052,46.0,102751.42,70.2,78.2,6,2099.99,1430.18,2,0,5,7,branch,west,enterprise,6003.89,78.2,6,2099.99,349.9983333333333,0.2857142857142857,0.0,0.7142857142857143,1.4683396495546013,29.91438746438746,0.09684178786321285,mature,in_person
RID-000041,33.0,122951.19,37.5,57.4,7,1697.32,1044.06,1,0,3,4,online,east,basic,5904.97,57.4,7,1697.32,242.4742857142857,0.25,0.0,0.75,1.6256920100377372,45.26186666666666,1.25727047222165,mature,digital
RID-001018,41.0,67982.62,25.8,65.5,7,2020.54,1783.51,0,0,2,5,agent,south,basic,4117.39,65.5,7,2020.54,288.6485714285714,0.0,0.0,0.4,1.132900852812712,78.31550387596899,-0.8510240394326944,growing,assisted
RID-000231,38.0,84947.7,38.7,21.1,5,825.84,719.58,1,0,3,5,agent,south,premium,3982.01,21.1,5,825.84,165.168,0.2,0.0,0.6,1.1476694738597515,21.33953488372093,0.7132251968168434,mature,assisted
RID-001514,36.0,65277.36,46.7,73.0,8,1376.09,872.56,2,0,4,6,agent,east,plus,4373.45,73.0,8,1376.09,172.01125,0.3333333333333333,0.0,0.6666666666666666,1.5770720638122306,29.466595289079226,0.7509430815032263,mature,assisted
RID-000379,49.0,64541.06,19.6,61.4,6,1264.77,878.07,0,0,2,4,branch,east,plus,3820.19,61.4,6,1264.77,210.795,0.0,0.0,0.5,1.4403976903891489,64.52908163265306,-0.5797836778305951,growing,in_person
RID-000289,38.0,57073.32,28.2,68.0,5,675.08,417.17,2,0,2,5,agent,south,plus,2710.59,68.0,5,675.08,135.01600000000002,0.4,0.0,0.4,1.618237169499245,23.939007092198583,-1.6846530521873593,growing,assisted
RID-000419,29.0,66573.97,58.2,43.1,5,979.49,658.33,1,1,4,5,branch,north,premium,4830.36,43.1,5,979.49,195.898,0.2,0.2,0.8,1.4878404447617455,16.829725085910653,-0.1014389142817621,mature,in_person
RID-000392,35.0,84507.91,31.3,55.1,8,1401.06,1258.73,0,0,2,5,online,north,premium,4023.82,55.1,8,1401.06,175.1325,0.0,0.0,0.4,1.1130742891644752,44.762300319488816,-0.17594483984086318,growing,digital
RID-000593,21.0,55087.2,35.2,33.9,8,1780.05,1387.94,1,0,1,3,agent,north,plus,4844.83,33.9,8,1780.05,222.50625,0.3333333333333333,0.0,0.3333333333333333,1.282512212343473,50.569602272727266,0.06440716823978021,growing,assisted
RID-001523,38.0,22635.31,42.5,25.8,6,803.46,547.18,0,0,2,3,online,east,basic,2597.52,25.8,6,803.46,133.91,0.0,0.0,0.6666666666666666,1.4683650718228007,18.90494117647059,1.3201288504710305,mature,digital
RID-001163,42.0,71444.89,29.1,118.6,5,863.31,677.15,1,0,1,2,agent,south,basic,3338.32,118.6,5,863.31,172.66199999999998,0.5,0.0,0.5,1.2749169312559994,29.667010309278346,-2.575823275503142,growing,assisted
RID-001087,48.0,54847.58,51.9,52.4,4,502.68,366.56,2,0,5,8,online,west,basic,2838.23,52.4,4,502.68,125.67,0.25,0.0,0.625,1.3713443910955914,9.685549132947978,-0.4175081672399569,mature,digital
RID-001496,55.0,64967.71,30.5,152.6,5,1372.5,1034.97,0,0,3,6,agent,south,premium,3654.45,152.6,5,1372.5,274.5,0.0,0.0,0.5,1.3261253949389837,45.0,-3.535495359578875,growing,assisted
RID-000648,40.0,117675.68,29.3,30.3,7,1648.81,1473.58,1,1,3,6,online,north,basic,5233.13,30.3,7,1648.81,235.5442857142857,0.16666666666666666,0.14285714285714285,0.5,1.1189144803811126,56.27337883959044,-0.22600146677159427,growing,digital
RID-001153,42.0,85757.55,36.7,192.9,5,1156.97,675.85,0,0,4,5,online,west,plus,3486.89,192.9,5,1156.97,231.394,0.0,0.0,0.8,1.7118739365243767,31.525068119891007,-3.0618461067484493,mature,digital
RID-001368,20.0,83083.08,22.2,81.5,3,488.73,353.19,1,0,2,4,agent,east,basic,3025.41,81.5,3,488.73,162.91,0.25,0.0,0.5,1.3837594495880405,22.014864864864865,-2.2917165668048938,growing,assisted
RID-000521,34.0,72288.09,27.5,80.5,8,1792.49,1512.3,1,0,4,5,agent,north,plus,4220.63,80.5,8,1792.49,224.06125,0.2,0.0,0.8,1.1852740858295312,65.18145454545454,1.2553142339961485,growing,assisted
RID-000065,18.0,56693.64,27.9,71.6,14,2363.79,1302.06,2,1,3,4,agent,north,premium,5148.47,71.6,14,2363.79,168.84214285714285,0.5,0.07142857142857142,0.75,1.8154232523846827,84.7236559139785,3.074409393192976,growing,assisted
RID-000015,41.0,26149.1,35.6,50.8,8,979.8,843.62,3,0,4,6,agent,south,plus,3455.47,50.8,8,979.8,122.475,0.5,0.0,0.6666666666666666,1.161423389677817,27.52247191011236,1.3775525011056169,growing,assisted
RID-001181,63.0,18000.0,30.8,33.0,7,873.3,706.98,1,0,2,3,agent,north,basic,2948.91,33.0,7,873.3,124.75714285714285,0.3333333333333333,0.0,0.6666666666666666,1.235254179750488,28.3538961038961,1.4984366183060116,growing,assisted
RID-001065,38.0,52205.04,26.2,26.0,8,1448.64,1056.88,0,0,0,2,online,south,plus,2841.03,26.0,8,1448.64,181.08,0.0,0.0,0.0,1.3706759518582998,55.29160305343512,-1.5027690104108093,growing,digital
RID-000493,32.0,79992.36,16.5,106.9,7,943.56,595.28,1,0,1,2,agent,south,basic,3459.68,106.9,7,943.56,134.7942857142857,0.5,0.0,0.5,1.5850692111275366,57.18545454545454,-1.4825182870573963,growing,assisted
RID-000380,56.0,79405.32,35.2,13.7,7,1319.2,974.9,1,0,3,6,online,west,basic,4184.63,13.7,7,1319.2,188.45714285714286,0.16666666666666666,0.0,0.5,1.3531644271207304,37.47727272727273,1.1481122492913787,growing,digital
RID-000188,43.0,63142.27,45.5,7.2,9,344.12,289.84,0,0,5,6,partner,east,plus,3641.02,7.2,9,344.12,38.23555555555556,0.0,0.0,0.8333333333333334,1.1872757383383936,7.563076923076923,3.88480267012314,mature,assisted
RID-000764,30.0,42004.62,20.4,44.8,7,677.61,383.73,1,0,2,5,agent,north,enterprise,2360.15,44.8,7,677.61,96.80142857142857,0.2,0.0,0.4,1.765850988976624,33.21617647058824,-0.2667530941277625,growing,assisted
RID-000217,41.0,83790.78,32.6,112.9,6,1016.65,521.39,1,2,2,5,branch,east,plus,3155.29,112.9,6,1016.65,169.44166666666666,0.2,0.3333333333333333,0.4,1.9498839640192562,31.185582822085887,-4.683444117316622,growing,in_person
RID-000792,30.0,94812.4,58.2,60.6,4,1253.71,629.61,2,1,5,8,agent,west,premium,4201.24,60.6,4,1253.71,313.4275,0.25,0.25,0.625,1.9912485506901099,21.541408934707903,-2.233702377615482,mature,assisted
RID-001077,36.0,78511.87,34.5,23.1,9,2211.99,1241.77,2,1,3,5,online,south,enterprise,4733.29,23.1,9,2211.99,245.77666666666664,0.4,0.1111111111111111,0.6,1.7813202122776357,64.11565217391303,1.4785730603975507,growing,digital
RID-000879,26.0,73936.88,46.8,32.2,9,2403.58,1858.17,2,1,3,6,online,east,plus,5239.43,32.2,9,2403.58,267.06444444444446,0.3333333333333333,0.1111111111111111,0.5,1.2935199685712286,51.35854700854701,0.6846720066744718,mature,digital
RID-000338,46.0,65688.38,23.3,83.0,11,872.7,679.59,0,0,4,7,agent,west,enterprise,3709.91,83.0,11,872.7,79.33636363636364,0.0,0.0,0.5714285714285714,1.284156623846731,37.4549356223176,1.1018099738750304,growing,assisted
RID-000720,40.0,100872.28,31.4,100.8,6,593.29,415.31,1,0,3,4,online,north,plus,4237.04,100.8,6,593.29,98.88166666666666,0.25,0.0,0.75,1.4285473501721604,18.894585987261145,-0.3492551619142755,growing,digital
RID-000296,32.0,58631.65,37.5,47.5,9,1639.29,1467.43,1,0,3,6,agent,north,basic,4148.47,47.5,9,1639.29,182.14333333333332,0.16666666666666666,0.0,0.5,1.1171163190066986,43.7144,0.9571501840475402,mature,assisted
RID-001017,40.0,72135.67,41.2,24.8,6,864.56,599.81,1,0,5,6,online,east,premium,4056.64,24.8,6,864.56,144.09333333333333,0.16666666666666666,0.0,0.8333333333333334,1.4413897734282524,20.98446601941747,2.2434339049779397,mature,digital
RID-001276,33.0,68559.02,34.2,23.3,5,553.48,445.67,0,0,3,6,branch,south,premium,3151.16,23.3,5,553.48,110.696,0.0,0.0,0.5,1.2419054457333902,16.18362573099415,0.11408112486207544,growing,in_person
RID-001486,60.0,75956.96,40.0,7.2,8,1398.61,927.71,1,0,3,4,online,north,basic,5433.05,7.2,8,1398.61,174.82625,0.25,0.0,0.75,1.507593967942568,34.96525,3.0557305231727216,mature,digital
RID-000456,61.0,83609.61,36.7,38.1,5,1009.89,877.88,0,0,3,5,online,north,basic,4048.35,38.1,5,1009.89,201.978,0.0,0.0,0.6,1.1503736273750398,27.51743869209809,0.23338915477897676,mature,digital
RID-001797,42.0,49514.74,3.8,73.8,3,405.87,310.99,0,0,0,1,online,north,basic,1658.17,73.8,3,405.87,135.29,0.0,0.0,0.0,1.3050901958262324,106.80789473684212,-4.759617280337081,new,digital
RID-000816,38.0,49057.29,58.9,32.2,9,837.99,499.55,0,0,5,8,agent,north,premium,4114.72,32.2,9,837.99,93.11,0.0,0.0,0.625,1.67748974076669,14.227334465195247,2.0603121756130727,mature,assisted
RID-000270,42.0,69651.03,34.1,44.3,6,932.27,806.6,0,0,3,6,online,east,premium,3235.63,44.3,6,932.27,155.37833333333333,0.0,0.0,0.5,1.1558021324076369,27.33929618768328,-0.09712507083956456,growing,digital
RID-000996,47.0,54510.82,23.4,24.6,9,2239.05,1153.13,0,0,2,5,online,west,enterprise,4228.17,24.6,9,2239.05,248.78333333333336,0.0,0.0,0.4,1.941715157874654,95.68589743589745,1.0664699153369164,growing,digital
RID-000202,37.0,26232.25,48.1,47.9,5,672.87,550.04,1,0,2,5,online,east,basic,2765.92,47.9,5,672.87,134.574,0.2,0.0,0.4,1.223311031924951,13.98898128898129,-1.117317496601411,mature,digital
RID-000162,58.0,72236.65,40.7,37.8,4,909.05,537.9,0,0,3,6,partner,east,plus,3255.5,37.8,4,909.05,227.2625,0.0,0.0,0.5,1.6899981409183864,22.335380835380832,-0.6767232378094765,mature,assisted
RID-001580,43.0,103341.62,36.3,42.1,4,875.37,519.86,2,0,3,4,online,south,premium,4345.99,42.1,4,875.37,218.8425,0.5,0.0,0.75,1.6838571923210095,24.114876033057854,0.5445255766673793,mature,digital
RID-000730,29.0,104322.4,23.5,94.5,3,138.52,107.73,0,0,3,4,online,north,plus,3268.4,94.5,3,138.52,46.17333333333334,0.0,0.0,0.75,1.285807110368514,5.894468085106383,-1.3160309032532989,growing,digital
RID-000402,40.0,50493.23,41.5,57.7,7,1334.01,1092.5,0,0,3,6,agent,west,plus,3338.87,57.7,7,1334.01,190.57285714285715,0.0,0.0,0.5,1.221061784897025,32.14481927710843,-0.09381633010074686,mature,assisted
RID-000703,27.0,94907.86,53.0,36.9,7,831.59,577.83,0,0,4,5,branch,east,plus,4938.87,36.9,7,831.59,118.79857142857144,0.0,0.0,0.8,1.43916030666459,15.690377358490567,2.104420109112835,mature,in_person
RID-001501,44.0,80222.47,18.9,94.3,7,1267.24,817.19,0,0,2,3,agent,west,plus,4211.01,94.3,7,1267.24,181.03428571428572,0.0,0.0,0.6666666666666666,1.5507287166999106,67.04973544973545,-0.23179569798347233,growing,assisted
RID-001130,37.0,49286.13,38.2,24.2,5,912.7,500.77,0,0,2,3,branch,south,premium,3217.29,24.2,5,912.7,182.54000000000002,0.0,0.0,0.6666666666666666,1.8225932064620487,23.89267015706806,0.9837574452588697,mature,in_person
RID-000566,52.0,64521.99,14.8,43.4,8,1647.12,923.22,0,1,0,1,agent,east,enterprise,2949.56,43.4,8,1647.12,205.89,0.0,0.125,0.0,1.7841034639630855,111.29189189189188,-2.7862672543693736,growing,assisted
RID-001414,46.0,59643.42,31.3,73.2,12,2961.76,2123.51,0,0,2,3,online,west,premium,4986.76,73.2,12,2961.76,246.81333333333336,0.0,0.0,0.6666666666666666,1.3947473758070363,94.62492012779553,2.2714277294480323,growing,digital
RID-001022,18.0,48548.73,16.0,8.8,7,891.24,493.53,1,0,2,5,partner,north,plus,3147.22,8.8,7,891.24,127.32000000000001,0.2,0.0,0.4,1.8058476688347214,55.7025,0.7493702890112492,growing,assisted
RID-001026,42.0,65845.31,22.5,39.7,3,534.36,346.51,0,2,2,3,agent,north,basic,2630.55,39.7,3,534.36,178.12,0.0,0.6666666666666666,0.6666666666666666,1.5421199965368966,23.749333333333333,-4.442788702649995,growing,assisted
RID-001412,46.0,83854.34,52.9,9.5,6,833.14,673.74,1,0,3,4,online,north,premium,4725.99,9.5,6,833.14,138.85666666666665,0.25,0.0,0.75,1.2365897824086443,15.749338374291115,2.227746640324385,mature,digital
RID-001586,41.0,96002.71,53.5,63.6,5,1084.83,833.01,1,1,5,7,agent,west,plus,5102.52,63.6,5,1084.83,216.96599999999998,0.14285714285714285,0.2,0.7142857142857143,1.3023012929016458,20.277196261682242,-1.140391280810505,mature,assisted
RID-001105,33.0,96852.03,33.1,50.7,11,1851.99,977.85,1,0,1,2,agent,north,basic,4878.11,50.7,11,1851.99,168.36272727272728,0.5,0.0,0.5,1.8939407884644883,55.951359516616314,1.6298929944718616,growing,assisted
RID-000206,51.0,82968.13,56.8,13.0,9,967.99,647.19,1,0,5,7,online,east,premium,5148.49,13.0,9,967.99,107.55444444444444,0.14285714285714285,0.0,0.7142857142857143,1.4956813300576337,17.042077464788733,3.0817514707144404,mature,digital
RID-000035,44.0,74324.13,50.9,85.5,2,203.64,152.48,1,2,4,6,agent,west,enterprise,2277.0,85.5,2,203.64,101.82,0.16666666666666666,1.0,0.6666666666666666,1.3355194123819518,4.000785854616896,-8.2300477412833,mature,assisted
RID-000776,45.0,57329.54,28.6,41.7,9,1188.52,651.14,1,0,2,3,branch,east,premium,3869.59,41.7,9,1188.52,132.05777777777777,0.3333333333333333,0.0,0.6666666666666666,1.8252910280431245,41.556643356643356,2.015938356306317,growing,in_person
RID-000509,57.0,76185.57,30.5,26.5,9,1317.93,919.49,2,0,2,5,agent,north,basic,4546.51,26.5,9,1317.93,146.43666666666667,0.4,0.0,0.4,1.4333271704966883,43.21081967213115,1.012841181226802,growing,assisted
RID-001452,42.0,82848.41,56.5,23.3,2,148.06,79.62,1,1,5,7,branch,east,enterprise,3547.31,23.3,2,148.06,74.03,0.14285714285714285,0.5,0.7142857142857143,1.8595830193418739,2.6205309734513276,-3.049187599133095,mature,in_person
RID-001479,44.0,73034.62,31.1,63.2,4,447.69,267.96,1,1,4,6,branch,east,basic,3122.33,63.2,4,447.69,111.9225,0.16666666666666666,0.25,0.6666666666666666,1.6707344379758173,14.395176848874597,-2.083319215153927,growing,in_person
RID-001771,48.0,117218.77,38.0,21.0,12,1805.92,938.04,1,0,5,6,branch,west,premium,5434.82,21.0,12,1805.92,150.49333333333334,0.16666666666666666,0.0,0.8333333333333334,1.9252057481557292,47.52421052631579,4.639886039974869,mature,in_person
RID-001391,58.0,85814.32,26.0,51.2,6,1012.75,749.03,0,0,1,2,branch,south,plus,4334.42,51.2,6,1012.75,168.79166666666666,0.0,0.0,0.5,1.3520820260870727,38.95192307692308,-0.29188205260787536,growing,in_person
RID-000092,32.0,77481.12,45.4,46.3,5,856.33,527.46,0,0,4,6,online,north,premium,4565.21,46.3,5,856.33,171.26600000000002,0.0,0.0,0.6666666666666666,1.6234975163993477,18.861894273127756,0.3599705906096431,mature,digital
RID-001364,41.0,55143.9,17.6,32.4,4,537.93,419.39,0,0,3,4,agent,west,basic,3291.95,32.4,4,537.93,134.4825,0.0,0.0,0.75,1.2826486086935787,30.56420454545454,0.8183143771242799,growing,assisted
RID-000898,45.0,71720.3,21.0,44.2,13,2756.1,1681.58,0,1,2,4,agent,north,plus,5387.48,44.2,13,2756.1,212.0076923076923,0.0,0.07692307692307693,0.5,1.6389942791898096,131.24285714285713,2.0888111025173655,growing,assisted
RID-000565,51.0,84951.31,38.9,25.4,7,625.59,343.53,0,0,2,4,online,east,premium,3953.13,25.4,7,625.59,89.37,0.0,0.0,0.5,1.8210636625622219,16.082005141388176,0.8178721497712,mature,digital
RID-001370,57.0,71721.35,44.1,26.4,4,501.55,367.48,0,1,3,6,online,west,plus,3520.07,26.4,4,501.55,125.3875,0.0,0.25,0.5,1.3648361815609011,11.373015873015873,-1.939694717364873,mature,digital
RID-000777,54.0,18000.0,45.3,18.1,5,715.46,630.45,1,0,4,6,agent,south,basic,3260.17,18.1,5,715.46,143.092,0.16666666666666666,0.0,0.6666666666666666,1.1348401935125703,15.793818984547464,1.1559339074018689,mature,assisted
RID-000242,39.0,57160.3,46.4,54.7,7,155.1,134.23,0,0,3,4,branch,east,plus,3382.28,54.7,7,155.1,22.157142857142855,0.0,0.0,0.75,1.1554794010280862,3.3426724137931036,1.3334797259570754,mature,in_person
RID-000014,43.0,92633.1,23.0,28.5,7,783.18,582.6,0,0,1,4,online,south,basic,4386.15,28.5,7,783.18,111.88285714285713,0.0,0.0,0.25,1.3442842430484037,34.05130434782608,-0.6122464712397864,growing,digital
RID-000316,23.0,78138.21,37.5,65.1,7,1557.6,914.38,3,0,4,6,online,east,premium,3997.1,65.1,7,1557.6,222.5142857142857,0.5,0.0,0.6666666666666666,1.7034493317876593,41.535999999999994,0.5923932683403927,mature,digital
RID-000601,38.0,42996.7,13.0,12.0,3,438.13,383.32,0,1,2,3,branch,north,basic,2926.65,12.0,3,438.13,146.04333333333332,0.0,0.3333333333333333,0.6666666666666666,1.1429875821767714,33.70230769230769,-1.5479463650021434,growing,in_person
RID-000388,52.0,105161.49,29.4,36.8,7,1788.74,1464.23,2,2,2,4,agent,east,plus,4171.52,36.8,7,1788.74,255.53428571428572,0.5,0.2857142857142857,0.5,1.2216250179275114,60.84149659863946,-1.3150361225650111,growing,assisted
RID-001298,18.0,73881.47,50.0,77.6,8,1444.2,1265.15,2,0,4,6,agent,west,basic,5014.03,77.6,8,1444.2,180.525,0.3333333333333333,0.0,0.6666666666666666,1.1415247203888867,28.884,0.6211050936576861,mature,assisted
RID-000167,28.0,87012.8,11.3,74.8,6,557.42,390.05,0,0,0,2,online,north,basic,3258.07,74.8,6,557.42,92.90333333333332,0.0,0.0,0.0,1.4290988334828867,49.329203539823006,-3.6432455964803703,new,digital
RID-000841,51.0,109704.9,15.8,41.8,10,1020.81,524.25,1,2,0,3,branch,north,premium,4440.77,41.8,10,1020.81,102.08099999999999,0.3333333333333333,0.2,0.0,1.947181688125894,64.60822784810127,-2.4534644914580093,growing,in_person
RID-000021,33.0,48543.45,10.2,26.7,12,2803.75,1884.94,0,0,1,4,branch,south,premium,4034.28,26.7,12,2803.75,233.64583333333334,0.0,0.0,0.25,1.4874478763249759,274.87745098039215,1.3462219202310814,new,in_person
RID-000647,38.0,85977.01,42.9,86.3,12,2139.43,1179.37,2,0,2,4,partner,north,enterprise,5095.38,86.3,12,2139.43,178.28583333333333,0.5,0.0,0.5,1.8140447866233667,49.87016317016317,1.0065923156082892,mature,assisted
RID-001509,34.0,64108.85,73.9,112.3,8,2254.49,1174.19,1,0,6,8,online,west,enterprise,4458.42,112.3,8,2254.49,281.81125,0.125,0.0,0.75,1.920038494621824,30.507307171853853,0.08921475739744023,loyal,digital
RID-001155,40.0,115656.62,35.1,13.6,5,738.95,399.09,1,0,2,4,agent,west,premium,4298.3,13.6,5,738.95,147.79000000000002,0.25,0.0,0.5,1.8515873612468368,21.052706552706553,0.3878699253189759,growing,assisted
RID-001529,27.0,74257.83,34.7,42.8,6,1025.87,682.15,3,0,3,4,agent,north,basic,4123.54,42.8,6,1025.87,170.97833333333332,0.75,0.0,0.75,1.5038774463094626,29.563976945244953,1.2878325109207989,growing,assisted
RID-000832,36.0,59198.16,24.2,36.0,1,307.6,184.3,2,0,2,3,branch,east,premium,2106.6,36.0,1,307.6,307.6,0.6666666666666666,0.0,0.6666666666666666,1.669017905588714,12.710743801652894,-0.8754349970656068,growing,in_person
RID-001268,25.0,72783.32,46.8,45.2,11,996.85,874.89,0,0,3,6,agent,north,plus,3678.59,45.2,11,996.85,90.62272727272727,0.0,0.0,0.5,1.1394003817622786,21.300213675213676,1.7851340668958773,mature,assisted
RID-001591,30.0,63844.72,30.9,68.2,6,1454.36,1109.68,1,2,2,5,branch,east,enterprise,4019.22,68.2,6,1454.36,242.39333333333332,0.2,0.3333333333333333,0.4,1.310612068344027,47.06666666666666,-3.4217575832523486,growing,in_person
RID-000563,38.0,66892.05,44.9,26.5,5,1057.18,836.38,1,0,5,6,online,south,premium,4498.18,26.5,5,1057.18,211.436,0.16666666666666666,0.0,0.8333333333333334,1.2639948348836654,23.545211581291763,1.8139178563113696,mature,digital
RID-001753,33.0,61337.17,23.9,98.1,13,4082.22,3459.77,0,0,3,6,online,east,premium,5729.36,98.1,13,4082.22,314.01692307692304,0.0,0.0,0.5,1.1799108033192958,170.8041841004184,1.05506209559773,growing,digital
RID-000687,56.0,51708.9,51.8,49.2,8,635.98,382.29,0,3,3,4,branch,west,plus,3657.51,49.2,8,635.98,79.4975,0.0,0.375,0.75,1.6636061628606555,12.27760617760618,-0.5068625834802509,mature,in_person
RID-000958,53.0,103249.43,24.4,129.8,6,831.17,611.79,1,0,1,2,agent,west,enterprise,3534.54,129.8,6,831.17,138.52833333333334,0.5,0.0,0.5,1.3585870968796483,34.06434426229508,-2.5104181057947184,growing,assisted
RID-000190,33.0,84519.49,28.1,11.8,5,1202.47,778.75,1,0,2,4,branch,north,enterprise,4812.64,11.8,5,1202.47,240.494,0.25,0.0,0.5,1.5441027287319422,42.792526690391455,0.4386760944759265,growing,in_person
RID-000976,31.0,78923.56,49.4,45.0,5,156.71,108.63,1,0,5,7,branch,south,plus,3295.73,45.0,5,156.71,31.342000000000002,0.14285714285714285,0.0,0.7142857142857143,1.4426033324127774,3.172267206477733,0.6524009078508515,mature,in_person
RID-000700,34.0,75105.73,64.8,69.8,9,1660.27,1460.98,1,0,6,9,online,north,enterprise,5128.53,69.8,9,1660.27,184.47444444444443,0.1111111111111111,0.0,0.6666666666666666,1.1364084381716382,25.62145061728395,1.2227976044672553,mature,digital
RID-001500,24.0,54235.26,33.2,21.0,6,510.18,326.77,2,1,4,5,agent,west,basic,3382.93,21.0,6,510.18,85.03,0.4,0.16666666666666666,0.8,1.5612816354010468,15.366867469879518,1.1151795693923927,growing,assisted
RID-001706,43.0,53468.85,25.0,80.4,5,1458.77,829.52,0,0,1,4,partner,north,plus,2514.07,80.4,5,1458.77,291.754,0.0,0.0,0.25,1.7585712219114669,58.3508,-2.8402225708574287,growing,assisted
RID-000511,58.0,78418.45,34.8,16.6,6,1202.72,1056.04,0,1,3,5,agent,east,basic,3961.5,16.6,6,1202.72,200.45333333333335,0.0,0.16666666666666666,0.6,1.1388962539297756,34.56091954022989,0.1652771413612809,growing,assisted
RID-001083,45.0,48641.3,32.8,72.6,8,1874.69,1193.19,0,2,3,5,agent,east,plus,3737.91,72.6,8,1874.69,234.33625,0.0,0.25,0.6,1.5711579882499853,57.155182926829276,-1.1805423048903094,growing,assisted
RID-000475,33.0,95610.0,42.1,34.5,9,1342.12,772.36,0,0,4,6,agent,north,premium,4645.99,34.5,9,1342.12,149.12444444444444,0.0,0.0,0.6666666666666666,1.737687088922264,31.879334916864604,2.2191630329341194,mature,assisted
RID-001585,47.0,108459.7,41.4,44.6,7,1001.4,783.84,0,0,3,6,online,west,basic,4359.17,44.6,7,1001.4,143.05714285714285,0.0,0.0,0.5,1.2775566442131046,24.18840579710145,0.27593967876372694,mature,digital
RID-000857,46.0,69090.07,52.2,34.3,9,1805.06,967.8,2,0,6,9,partner,north,premium,4657.43,34.3,9,1805.06,200.5622222222222,0.2222222222222222,0.0,0.6666666666666666,1.8651167596610871,34.57969348659004,2.2248081628404472,mature,assisted
RID-000748,42.0,82420.03,45.9,27.7,10,1195.64,664.08,1,0,4,5,online,south,premium,4916.28,27.7,10,1195.64,119.56400000000001,0.2,0.0,0.8,1.8004457294301892,26.048801742919395,3.508693418192266,mature,digital
RID-000253,45.0,78208.02,54.7,31.5,5,904.01,633.26,2,1,4,5,partner,north,plus,3891.94,31.5,5,904.01,180.802,0.4,0.2,0.8,1.4275495057322427,16.52669104204753,0.22597862028525284,mature,assisted
RID-000022,20.0,91489.07,32.7,16.1,9,857.95,604.87,0,0,3,5,agent,west,premium,4560.21,16.1,9,857.95,95.32777777777778,0.0,0.0,0.6,1.4184039545687503,26.237003058103976,2.3804832223261734,growing,assisted
RID-001338,56.0,65101.11,33.1,42.1,11,2448.07,1453.17,0,1,3,6,agent,west,enterprise,5292.21,42.1,11,2448.07,222.5518181818182,0.0,0.09090909090909091,0.5,1.684641163800519,73.95981873111782,1.2963630770926557,growing,assisted
RID-000460,47.0,88205.41,11.9,83.8,9,1519.34,1153.94,0,0,0,3,branch,west,plus,3654.78,83.8,9,1519.34,168.81555555555553,0.0,0.0,0.0,1.3166542454547028,127.67563025210083,-2.7526791088767726,new,in_person
RID-001185,27.0,78054.01,34.9,7.4,5,628.3,471.77,0,3,2,5,agent,south,plus,3411.44,7.4,5,628.3,125.66,0.0,0.6,0.4,1.3317930347415055,18.002865329512893,-3.777564012688624,growing,assisted
RID-000277,46.0,91848.04,41.3,90.8,5,866.57,687.11,0,0,5,8,online,north,basic,4208.57,90.8,5,866.57,173.31400000000002,0.0,0.0,0.625,1.261180888067413,20.982324455205813,-1.119840664792119,mature,digital
RID-000956,39.0,52243.95,44.2,20.7,10,1285.0,723.1,1,1,3,4,online,south,plus,4144.71,20.7,10,1285.0,128.5,0.25,0.1,0.75,1.777070944544323,29.07239819004525,2.8038515897347254,mature,digital
RID-001216,39.0,66418.76,60.5,74.7,8,1716.52,1397.75,0,0,6,8,online,west,premium,4345.44,74.7,8,1716.52,214.565,0.0,0.0,0.75,1.228059381148274,28.372231404958676,1.1504991797870745,mature,digital
RID-000386,46.0,86391.16,50.9,49.0,5,1071.47,807.19,2,0,3,4,partner,north,basic,5271.87,49.0,5,1071.47,214.294,0.5,0.0,0.75,1.3274074257609731,21.05049115913556,0.7313010393618523,mature,assisted
RID-000806,42.0,101934.44,36.5,48.6,11,2263.4,1401.86,1,0,5,8,branch,west,enterprise,5870.16,48.6,11,2263.4,205.76363636363638,0.125,0.0,0.625,1.6145692151855393,62.01095890410959,2.3604764122197563,mature,in_person
RID-001438,21.0,48937.22,11.9,55.6,4,317.36,165.72,0,0,1,3,online,east,plus,2152.55,55.6,4,317.36,79.34,0.0,0.0,0.3333333333333333,1.9150374125030172,26.66890756302521,-2.0742192044479246,new,digital
RID-001516,46.0,102367.53,26.6,37.3,4,511.66,326.12,0,0,2,5,agent,east,premium,3162.58,37.3,4,511.66,127.915,0.0,0.0,0.4,1.568931681589599,19.235338345864662,-1.199658056028819,growing,assisted
RID-000344,29.0,69337.04,33.2,58.6,5,1096.72,943.88,2,1,1,2,online,south,basic,4129.63,58.6,5,1096.72,219.344,1.0,0.2,0.5,1.1619273636479215,33.033734939759036,-2.1500794109776558,growing,digital
RID-000770,52.0,72476.14,26.5,18.2,10,1640.89,943.16,1,0,3,6,agent,east,plus,4460.93,18.2,10,1640.89,164.089,0.16666666666666666,0.0,0.5,1.7397790406717843,61.92037735849057,2.1656941597873525,growing,assisted
RID-001333,35.0,40444.08,53.7,22.4,11,1173.66,666.27,0,0,4,7,online,south,premium,3754.41,22.4,11,1173.66,106.69636363636364,0.0,0.0,0.5714285714285714,1.7615381151785314,21.85586592178771,2.812284335492367,mature,digital
RID-001686,31.0,82240.5,28.8,87.5,7,1043.87,619.38,2,0,2,4,branch,west,basic,3633.3,87.5,7,1043.87,149.1242857142857,0.5,0.0,0.5,1.68534663695954,36.245486111111106,-0.9349406861435954,growing,in_person
RID-000131,40.0,62365.67,24.2,137.3,14,1881.77,1059.79,0,0,2,3,partner,south,basic,4304.47,137.3,14,1881.77,134.41214285714287,0.0,0.0,0.6666666666666666,1.7756064880778268,77.75909090909092,1.225228483395525,growing,assisted
RID-001688,63.0,76812.18,6.1,29.6,6,634.34,388.14,2,0,0,1,branch,south,plus,2580.79,29.6,6,634.34,105.72333333333334,2.0,0.0,0.0,1.6343072087391148,103.99016393442623,-2.3674462376502774,new,in_person
RID-000872,31.0,73284.68,37.5,72.0,5,396.15,200.95,1,0,3,5,online,north,plus,3561.47,72.0,5,396.15,79.22999999999999,0.2,0.0,0.6,1.9713859168947498,10.564,-0.7234603643435926,mature,digital
RID-001124,51.0,62997.41,20.8,52.0,8,1155.76,741.5,3,1,3,4,online,east,plus,4214.12,52.0,8,1155.76,144.47,0.75,0.125,0.75,1.5586783546864464,55.565384615384616,0.998849482047243,growing,digital
RID-001397,37.0,65783.28,56.5,30.1,2,233.32,127.0,0,0,4,7,branch,east,basic,3126.61,30.1,2,233.32,116.66,0.0,0.0,0.5714285714285714,1.8371653543307087,4.129557522123894,-0.8388451660663061,mature,in_person
RID-000088,22.0,71036.61,29.8,14.6,8,222.8,190.42,0,0,3,4,branch,west,plus,4263.86,14.6,8,222.8,27.85,0.0,0.0,0.75,1.1700451633231805,7.476510067114094,2.8468607166385915,growing,in_person
RID-001483,34.0,63321.87,45.1,19.9,6,1129.99,722.32,2,0,4,7,agent,south,plus,4513.79,19.9,6,1129.99,188.33166666666668,0.2857142857142857,0.0,0.5714285714285714,1.564389744157714,25.05521064301552,0.9751862370075477,mature,assisted
RID-000331,65.0,71350.05,32.4,23.7,12,2040.8,1227.13,0,1,2,3,branch,north,plus,4183.72,23.7,12,2040.8,170.06666666666666,0.0,0.08333333333333333,0.6666666666666666,1.6630674826627985,62.98765432098766,3.140349419858812,growing,in_person
RID-001239,51.0,105752.96,40.4,63.3,6,839.37,522.55,1,1,3,4,online,south,premium,4005.12,63.3,6,839.37,139.895,0.25,0.16666666666666666,0.75,1.6062960482250503,20.77648514851485,-0.34728922728852746,mature,digital
RID-000467,45.0,60128.23,20.8,50.2,9,1605.66,814.22,0,0,2,4,partner,north,basic,3996.37,50.2,9,1605.66,178.40666666666667,0.0,0.0,0.5,1.972022303554322,77.19519230769231,0.8809409303121142,growing,assisted
RID-000122,46.0,100166.91,27.7,50.1,12,888.2,538.4,0,0,2,4,online,north,plus,4860.5,50.1,12,888.2,74.01666666666667,0.0,0.0,0.5,1.649702823179792,32.064981949458485,2.0283608286536285,growing,digital
RID-001639,33.0,82268.37,28.9,121.6,6,1306.05,881.04,2,0,2,4,agent,south,basic,4120.75,121.6,6,1306.05,217.67499999999998,0.5,0.0,0.5,1.4823958049577772,45.19204152249135,-2.278967779635276,growing,assisted
RID-001045,42.0,71548.87,31.8,136.0,2,462.07,313.13,2,0,1,2,partner,north,premium,2965.38,136.0,2,462.07,231.035,1.0,0.0,0.5,1.4756490914316738,14.530503144654087,-4.2115469107420145,growing,assisted
RID-001725,35.0,56313.0,5.1,18.5,7,110.78,84.25,2,0,1,3,branch,west,plus,2959.6,18.5,7,110.78,15.825714285714286,0.6666666666666666,0.0,0.3333333333333333,1.3148961424332344,21.72156862745098,0.11754972656424068,new,in_person
RID-001096,35.0,67291.99,40.9,63.2,4,449.52,321.16,1,1,4,7,online,east,plus,2193.97,63.2,4,449.52,112.38,0.14285714285714285,0.25,0.5714285714285714,1.399676173869722,10.990709046454768,-2.5947931608540813,mature,digital
RID-001131,47.0,88435.33,26.0,54.1,14,1816.12,1138.96,0,1,3,4,branch,north,premium,5150.47,54.1,14,1816.12,129.72285714285712,0.0,0.07142857142857142,0.75,1.5945423895483597,69.85076923076923,3.568358259996662,growing,in_person
RID-001295,40.0,110432.74,53.2,29.3,5,966.61,576.55,1,1,4,7,online,west,basic,4721.1,29.3,5,966.61,193.322,0.14285714285714285,0.2,0.5714285714285714,1.67654149683462,18.16936090225564,-0.9394624204255114,mature,digital
RID-000861,48.0,54861.03,33.8,24.8,5,524.23,353.55,1,0,1,3,online,north,basic,2914.24,24.8,5,524.23,104.846,0.3333333333333333,0.0,0.3333333333333333,1.4827605713477585,15.509763313609469,-0.8233367544106533,growing,digital
RID-001460,35.0,78381.84,38.4,14.1,7,2185.03,1101.75,0,1,2,4,agent,east,plus,5195.37,14.1,7,2185.03,312.1471428571429,0.0,0.14285714285714285,0.5,1.983235761288859,56.901822916666674,0.23125405564096096,mature,assisted
RID-001127,27.0,109372.51,25.5,59.9,4,693.52,591.55,0,0,2,5,agent,west,basic,3270.58,59.9,4,693.52,173.38,0.0,0.0,0.4,1.172377651931367,27.196862745098038,-1.8375577354438652,growing,assisted
